entry_price,exit_price,fees,pnl,position_id,price,reason,side,size,symbol,timestamp
11.382291699823307,11.316264703852887,0.01007329706390638,-0.09795775697684302,SOL_USDT_1_1672698600,11.316264703852887,stop_loss,sell,1.4836016016952853,SOL/USDT,2023-01-03T05:15:00
11.924058437081404,11.8557416424635,0.012709231457395059,-0.17344749877459062,SOL_USDT_2_1672729200,11.8557416424635,stop_loss,sell,2.538870562424367,SOL/USDT,2023-01-03T17:45:00
13.339166686121663,13.375217388754184,0.007567698411253062,0.03399581443639047,SOL_USDT_3_1672784100,13.375217388754184,stop_loss,sell,0.9430000514254503,SOL/USDT,2023-01-04T04:30:00
16860.087752238298,16693.97556943804,0.20390713782842687,-3.381605099830355,BTC_USDT_5_1672800300,16693.97556943804,take_profit,sell,0.020357357556950395,BTC/USDT,2023-01-04T08:45:00
13.941548414919996,13.918062601308883,0.012968034556035672,-0.09190456833805176,SOL_USDT_4_1672792200,13.918062601308883,stop_loss,sell,3.913194997620274,SOL/USDT,2023-01-04T08:45:00
1254.8320162633102,1248.9382123843798,0.014987258548612563,-0.11787607757860775,ETH_USDT_7_1672830900,1248.9382123843798,take_profit,sell,0.02000000000000001,ETH/USDT,2023-01-04T23:00:00
16986.90874064311,16787.61028728399,0.20320922128966692,-4.036344791540241,BTC_USDT_6_1672805700,16787.61028728399,take_profit,sell,0.020252765254866734,BTC/USDT,2023-01-05T00:30:00
13.690789989733549,13.272432303211371,0.022466791394830144,-1.1802854037089743,SOL_USDT_8_1672952400,13.272432303211371,stop_loss,sell,2.821235133793591,SOL/USDT,2023-01-06T07:45:00
13.55004189778544,13.459996543640623,0.006214999730790749,-0.2286097778897328,SOL_USDT_9_1673029800,13.459996543640623,stop_loss,sell,2.5388292384531455,SOL/USDT,2023-01-07T05:45:00
1277.6662462411202,1282.5147101063465,0.030572623316571207,0.1926297066322107,ETH_USDT_10_1673036100,1282.5147101063465,stop_loss,sell,0.0397300489364837,ETH/USDT,2023-01-09T04:45:00
13.891448897611674,13.908625872436316,0.014559572712562628,0.02996814305919868,SOL_USDT_11_1673214300,13.908625872436316,stop_loss,sell,1.7446694406402314,SOL/USDT,2023-01-09T04:45:00
14.884799563452697,15.502076106003011,0.02472766693173126,3.9218508804501444,SOL_USDT_12_1673223300,15.502076106003011,trailing_stop,sell,6.3534746748139606,SOL/USDT,2023-01-09T07:15:00
1293.9849649129421,1294.5582616317045,0.03228600571326999,0.02382982891532091,ETH_USDT_13_1673224200,1294.5582616317045,stop_loss,sell,0.041566309618458364,ETH/USDT,2023-01-09T07:45:00
1312.6279988691736,1313.5696122212294,0.019967370758058392,0.10791592393225748,ETH_USDT_14_1673232300,1313.5696122212294,trailing_stop,sell,0.11460746993088643,ETH/USDT,2023-01-09T17:00:00
17338.221410338647,17157.18035787524,0.205886164294503,-3.6208210492681268,BTC_USDT_15_1673243100,17157.18035787524,take_profit,sell,0.02000000000000001,BTC/USDT,2023-01-09T21:30:00
17489.073959866477,17328.56242876545,0.2079427491451855,-3.2102306220205374,BTC_USDT_16_1673289000,17328.56242876545,stop_loss,sell,0.02000000000000001,BTC/USDT,2023-01-11T16:30:00
17608.1945874569,17713.118146440167,0.21255741775728215,2.0984711796653586,BTC_USDT_17_1673462700,17713.118146440167,stop_loss,sell,0.02000000000000001,BTC/USDT,2023-01-12T05:00:00
1348.0222411601092,1380.6355906837855,0.038169611081238355,1.5027364640062701,ETH_USDT_18_1673469000,1380.6355906837855,take_profit,sell,0.04607734212995594,ETH/USDT,2023-01-12T05:00:00
16.752256258210725,16.428112646966557,0.013967136026844743,-0.45931000594032984,SOL_USDT_19_1673486100,16.428112646966557,stop_loss,sell,1.4169953995926376,SOL/USDT,2023-01-12T19:15:00
18349.613461930894,18609.226930192788,0.22331072316231357,5.192269365237883,BTC_USDT_21_1673493300,18609.226930192788,stop_loss,sell,0.02000000000000001,BTC/USDT,2023-01-12T23:15:00
1407.3185052493293,1421.4036819314435,0.05791071354139605,0.9564285435899733,ETH_USDT_20_1673487000,1421.4036819314435,stop_loss,sell,0.06790319817602805,ETH/USDT,2023-01-12T23:15:00
1436.5530135605622,1397.74315946219,0.024497549555971488,-1.1494713715584397,ETH_USDT_23_1673559900,1397.74315946219,stop_loss,sell,0.029618028675007384,ETH/USDT,2023-01-13T06:15:00
18925.684834223935,18846.747822978356,0.16902705785038136,-1.179910975593306,BTC_USDT_22_1673559000,18846.747822978356,stop_loss,sell,0.014947499999999999,BTC/USDT,2023-01-13T15:45:00
19243.144089184207,19169.497148567134,0.2300339657828057,-1.4729388123414546,BTC_USDT_24_1673626500,19169.497148567134,stop_loss,sell,0.02000000000000001,BTC/USDT,2023-01-13T23:00:00
18.20742593152861,18.362013424469932,0.04583317689376763,0.6431063001059165,SOL_USDT_26_1673645400,18.362013424469932,stop_loss,sell,4.160144445514942,SOL/USDT,2023-01-14T03:15:00
1445.7078387384556,1451.6108103725392,0.0787397727175116,0.6805356106638115,ETH_USDT_25_1673645400,1451.6108103725392,take_profit,sell,0.11528695254681962,ETH/USDT,2023-01-14T03:30:00
20073.19913240818,20151.59605376157,0.24379017321932034,1.580718386243869,BTC_USDT_27_1673648100,20151.59605376157,stop_loss,sell,0.02016301608475768,BTC/USDT,2023-01-14T05:45:00
1550.3916980707904,1537.1102873209766,0.062248135579587194,-0.8964256543182371,ETH_USDT_28_1673656200,1537.1102873209766,stop_loss,sell,0.06749476175419096,ETH/USDT,2023-01-14T06:15:00
20.17470299724359,22.277173830667152,0.06274380950766559,19.43037163345014,SOL_USDT_30_1673657100,22.277173830667152,take_profit,sell,9.241684271933822,SOL/USDT,2023-01-14T07:45:00
21146.718062471697,20315.0666330888,0.24498028144586925,-17.302188337315286,BTC_USDT_29_1673657100,20315.0666330888,stop_loss,sell,0.020804615643063247,BTC/USDT,2023-01-14T15:00:00
24.751585934841376,23.57181387801615,0.00860302085647273,-1.4572082182921449,SOL_USDT_31_1673738100,23.57181387801615,stop_loss,sell,1.2351608176019206,SOL/USDT,2023-01-15T06:15:00
1555.8318060157058,1545.5373919556032,0.027338086686242005,-0.63360752514605,ETH_USDT_32_1673799300,1545.5373919556032,stop_loss,sell,0.06154867304217778,ETH/USDT,2023-01-15T23:00:00
1551.969355337031,1544.866460389389,0.042132733451016716,-0.8786067843406922,ETH_USDT_34_1673805600,1544.866460389389,stop_loss,sell,0.12369699831086102,ETH/USDT,2023-01-16T02:30:00
21100.72072577395,21032.50569289389,0.25239006831472677,-1.3643006576011982,BTC_USDT_33_1673804700,21032.50569289389,stop_loss,sell,0.02000000000000001,BTC/USDT,2023-01-16T06:45:00
21440.95744432504,20667.30985712845,0.24800771828554152,-15.47295174393178,BTC_USDT_35_1673836200,20667.30985712845,stop_loss,sell,0.02000000000000001,BTC/USDT,2023-01-16T13:45:00
1585.1760956635562,1535.4611183689444,0.022818120680824117,-1.2313373248616357,ETH_USDT_36_1673837100,1535.4611183689444,stop_loss,sell,0.02476793497389549,ETH/USDT,2023-01-16T13:45:00
24.590883568938278,23.293439443980535,0.005663771269679649,-1.4301312894638067,SOL_USDT_37_1673854200,23.293439443980535,stop_loss,sell,1.1022681146368334,SOL/USDT,2023-01-16T14:00:00
20.772784611427493,21.831139922278915,0.018228024096775694,-1.7422867441315872,SOL_USDT_38_1674135000,21.831139922278915,stop_loss,buy,1.6462210056185753,SOL/USDT,2023-01-20T00:45:00
23.787828495338996,23.68198534310139,0.0502229749979745,-0.6850117364818733,SOL_USDT_39_1674244800,23.68198534310139,stop_loss,sell,6.471951392226951,SOL/USDT,2023-01-21T01:45:00
22033.052727683225,21844.475346941763,0.26400313570932055,-3.7984447668417363,BTC_USDT_40_1674245700,21844.475346941763,take_profit,sell,0.020142631910077067,BTC/USDT,2023-01-21T02:00:00
24.290300480537663,25.37397577330058,0.0395124215646782,2.812503342626196,SOL_USDT_42_1674251100,25.37397577330058,take_profit,sell,2.595337700701376,SOL/USDT,2023-01-21T03:45:00
1639.4253042855717,1640.520703638994,0.039731773759691696,0.08600885025386204,ETH_USDT_41_1674246600,1640.520703638994,take_profit,sell,0.07851825910353197,ETH/USDT,2023-01-21T04:00:00
22799.134071376076,22782.34757037577,0.2733881708445094,-0.3357300200061583,BTC_USDT_43_1674253800,22782.34757037577,stop_loss,sell,0.02000000000000001,BTC/USDT,2023-01-21T15:15:00
1664.380917557492,1647.7720987072134,0.03283536625083307,-0.5516101107777642,ETH_USDT_44_1674294300,1647.7720987072134,take_profit,sell,0.03321188073337993,ETH/USDT,2023-01-21T15:45:00
24.458671295892803,24.590766131955295,0.008369060286004449,-0.4665010013849305,SOL_USDT_45_1674571500,24.590766131955295,stop_loss,buy,3.5315612274520283,SOL/USDT,2023-01-24T20:45:00
1607.993685259706,1601.4150770607048,0.026088856271188385,0.17862156853925962,ETH_USDT_46_1674573300,1601.4150770607048,stop_loss,buy,0.027151878199157896,ETH/USDT,2023-01-25T03:30:00
22.805204972405882,22.934865274439137,0.006626368782550214,-0.37164836214192487,SOL_USDT_47_1674602100,22.934865274439137,stop_loss,buy,2.8663234337261225,SOL/USDT,2023-01-25T07:45:00
1545.397130563325,1553.7804100313288,0.019447564262901115,-0.3002811985331566,ETH_USDT_48_1674603000,1553.7804100313288,trailing_stop,buy,0.03581906098672121,ETH/USDT,2023-01-25T08:30:00
24.841739344864855,24.767915539807085,0.004197003856611002,-0.0645666765143478,SOL_USDT_49_1674692100,24.767915539807085,stop_loss,sell,0.874605101482121,SOL/USDT,2023-01-26T08:15:00
1631.168814858814,1583.6013873253607,0.02216078274669134,-1.1094242063530741,ETH_USDT_50_1674712800,1583.6013873253607,stop_loss,sell,0.02332319118104169,ETH/USDT,2023-01-26T21:30:00
23241.873109278135,22520.065196602554,0.20144423519012955,-10.761073266123887,BTC_USDT_51_1674738000,22520.065196602554,stop_loss,sell,0.014908500000000002,BTC/USDT,2023-01-27T07:15:00
23.701309134701173,23.85019109857707,0.008516947316242215,-0.08861004072103976,SOL_USDT_53_1674824400,23.85019109857707,stop_loss,buy,0.5951697466517957,SOL/USDT,2023-01-27T19:00:00
1558.122496611682,1608.3083575293442,0.021342657375847007,-1.109965044600217,ETH_USDT_52_1674789300,1608.3083575293442,stop_loss,buy,0.02211708685084208,ETH/USDT,2023-01-27T23:30:00
24.892147225920272,24.760027415564885,0.008467569367945066,-0.07530509022247164,SOL_USDT_54_1674851400,24.760027415564885,stop_loss,sell,0.5699757668430597,SOL/USDT,2023-01-28T06:15:00
23306.17309628973,22794.263090881723,0.2735311570905808,-10.668952300517347,BTC_USDT_55_1674852300,22794.263090881723,signal_Trend reversal to downtrend,sell,0.020841460779837388,BTC/USDT,2023-01-28T19:15:00
1562.9241275738477,1574.2725112166472,0.027092470129795237,-0.3255003424051304,ETH_USDT_56_1674915300,1574.2725112166472,stop_loss,buy,0.02868252895306895,ETH/USDT,2023-01-29T03:45:00
24.86201496028406,25.465112066105817,0.03369630050951109,1.3300642634408555,SOL_USDT_58_1675009800,25.465112066105817,stop_loss,sell,2.205389895924905,SOL/USDT,2023-01-29T22:30:00
23570.59044075228,23439.493780109846,0.2812739253613183,-2.6624151581537854,BTC_USDT_57_1674990900,23439.493780109846,stop_loss,sell,0.020308794633720907,BTC/USDT,2023-01-29T22:45:00
1659.149378317865,1610.658416086668,0.022214021291334745,-1.114636574172242,ETH_USDT_60_1675023300,1610.658416086668,stop_loss,sell,0.02298648083859082,ETH/USDT,2023-01-30T14:15:00
24078.09144730776,23134.811062644487,0.27857982880070864,-18.930987258336103,BTC_USDT_59_1675021500,23134.811062644487,stop_loss,sell,0.020069310849810534,BTC/USDT,2023-01-30T14:45:00
24.438853178699226,24.372901419021648,0.00788552605587992,0.03556301528130681,SOL_USDT_63_1675095300,24.372901419021648,stop_loss,buy,0.5392276939260722,SOL/USDT,2023-01-31T00:00:00
22988.940722936768,22953.18629347757,0.22064668452057049,0.5728395915805267,BTC_USDT_61_1675093500,22953.18629347757,stop_loss,buy,0.016021499999999998,BTC/USDT,2023-01-31T00:45:00
1569.9309278950175,1556.7273732229348,0.02431890848265545,0.3437725012519286,ETH_USDT_62_1675093500,1556.7273732229348,stop_loss,buy,0.02603635988865899,ETH/USDT,2023-01-31T00:45:00
1539.1168260950913,1581.8799071924982,0.024453049565800036,-1.1017352801843352,ETH_USDT_65_1675110600,1581.8799071924982,stop_loss,buy,0.025763702051186905,ETH/USDT,2023-01-31T07:15:00
22562.26312187257,23210.899997651406,0.1866713421411117,-8.694328682939528,BTC_USDT_64_1675110600,23210.899997651406,stop_loss,buy,0.013404,BTC/USDT,2023-01-31T19:15:00
23.433119560396797,23.42188803086464,0.015696933716628052,0.012545286298746072,SOL_USDT_66_1675240200,23.42188803086464,stop_loss,buy,1.1169704235587328,SOL/USDT,2023-02-01T20:45:00
25.765768748433306,25.40546390087289,0.003623321502471598,-0.3914469204557914,SOL_USDT_67_1675298700,25.40546390087289,stop_loss,sell,1.0864325670504662,SOL/USDT,2023-02-02T10:15:00
1695.8010947950831,1692.4171047142204,0.03265627013731136,-0.12090408218165453,ETH_USDT_68_1675299600,1692.4171047142204,trailing_stop,sell,0.03572826139928568,ETH/USDT,2023-02-03T00:00:00
23.21374917945369,23.28554801456238,0.029491886691019417,-0.33708588884422197,SOL_USDT_69_1675630800,23.28554801456238,stop_loss,buy,4.694865708251851,SOL/USDT,2023-02-06T11:00:00
23.17339429781729,23.109193814226188,0.007941545944358907,0.036771157992172544,SOL_USDT_71_1675666800,23.109193814226188,stop_loss,buy,0.5727551559638019,SOL/USDT,2023-02-06T21:00:00
22613.13391791135,23393.358829312125,0.21302460417148206,-11.841473480329569,BTC_USDT_70_1675662300,23393.358829312125,stop_loss,buy,0.015177,BTC/USDT,2023-02-07T23:30:00
1685.6031487988598,1680.2491901539431,0.04427842889492985,-0.2799147403578147,ETH_USDT_72_1675816200,1680.2491901539431,stop_loss,sell,0.052281827134316554,ETH/USDT,2023-02-08T06:30:00
24.279326019408035,24.001098015785267,0.0055954393088512655,-0.5004254615873807,SOL_USDT_73_1675816200,24.001098015785267,stop_loss,sell,1.7986164407299414,SOL/USDT,2023-02-08T08:00:00
21.310656045287377,20.49286036032314,0.025001415297856027,1.6628595837026077,SOL_USDT_75_1675979100,20.49286036032314,trailing_stop,buy,2.0333435530114383,SOL/USDT,2023-02-10T04:15:00
21668.087372528942,21811.66688156204,0.26174000257874463,-2.871590180661953,BTC_USDT_74_1675979100,21811.66688156204,stop_loss,buy,0.02000000000000001,BTC/USDT,2023-02-10T21:45:00
1531.5633137543814,1535.4797201590932,0.023342739868839814,-0.10372672408404206,ETH_USDT_76_1675980000,1535.4797201590932,trailing_stop,buy,0.026485178851523107,ETH/USDT,2023-02-10T21:45:00
22.402854196889002,21.38579005181509,0.005411896654526054,-0.4289644378212367,SOL_USDT_77_1676227500,21.38579005181509,stop_loss,sell,0.4217673387651105,SOL/USDT,2023-02-13T03:45:00
1473.438060827461,1486.5190325855156,0.025973652442793677,-0.5254385811669654,ETH_USDT_78_1676304000,1486.5190325855156,stop_loss,buy,0.040168161118720166,ETH/USDT,2023-02-13T22:15:00
19.935924511499802,20.5526809390636,0.006155914832496777,-0.307883600176419,SOL_USDT_79_1676309400,20.5526809390636,stop_loss,buy,0.49919804061478057,SOL/USDT,2023-02-14T00:00:00
21.710085306571433,21.485534229289208,0.016935019265848134,-0.2949873761076469,SOL_USDT_80_1676371500,21.485534229289208,stop_loss,sell,1.3136760672802057,SOL/USDT,2023-02-14T19:00:00
22369.242081319317,22296.19463192755,0.2675543355831307,-1.460948987835364,BTC_USDT_81_1676406600,22296.19463192755,stop_loss,sell,0.02000000000000001,BTC/USDT,2023-02-15T17:15:00
22.894521950740973,22.914764388277984,0.010852045860526037,0.07067286256871322,SOL_USDT_83_1676486700,22.914764388277984,stop_loss,sell,3.491321756063068,SOL/USDT,2023-02-16T00:45:00
23136.348702123596,23114.39677899875,0.27737276134798516,-0.43903846249690126,BTC_USDT_82_1676486700,23114.39677899875,take_profit,sell,0.02000000000000001,BTC/USDT,2023-02-16T01:15:00
1601.8236521913202,1614.9703930982364,0.028102342491487065,0.6156506556374667,ETH_USDT_84_1676487600,1614.9703930982364,take_profit,sell,0.04682914647793715,ETH/USDT,2023-02-16T01:15:00
23.79774560574554,23.836008795414575,0.029692912909083977,0.07944182044192025,SOL_USDT_87_1676494800,23.836008795414575,stop_loss,sell,2.076194408492032,SOL/USDT,2023-02-16T03:00:00
24257.543277245284,24585.619821795222,0.29502743786154284,6.561530890998768,BTC_USDT_86_1676494800,24585.619821795222,take_profit,sell,0.02000000000000001,BTC/USDT,2023-02-16T05:45:00
1672.4445980739251,1677.2436119707634,0.029284334252485354,0.31857585972511776,ETH_USDT_85_1676493900,1677.2436119707634,trailing_stop,sell,0.0663836085023649,ETH/USDT,2023-02-16T06:15:00
22.58618341477961,23.27929185344069,0.009948830259202679,-0.49368756939806996,SOL_USDT_88_1676620800,23.27929185344069,stop_loss,buy,0.7122804194272372,SOL/USDT,2023-02-17T22:45:00
23.65746044092241,23.656959607581378,0.010244185397515773,-0.00036146019916188433,SOL_USDT_89_1676736000,23.656959607581378,stop_loss,sell,0.7217175246696259,SOL/USDT,2023-02-18T22:30:00
25197.347316315318,24807.17444791504,0.3067932250784779,-8.509463116275743,BTC_USDT_90_1676822400,24807.17444791504,take_profit,sell,0.02180946909805606,BTC/USDT,2023-02-19T22:00:00
25.383817404439167,24.588828297703376,0.047713302946248405,-5.1587598581212415,SOL_USDT_91_1676822400,24.588828297703376,stop_loss,sell,6.489095025846333,SOL/USDT,2023-02-19T22:45:00
26.287094131151004,26.583388714806826,0.016915662796580883,0.31423252814915065,SOL_USDT_93_1676865600,26.583388714806826,stop_loss,sell,1.0605409126012426,SOL/USDT,2023-02-20T10:30:00
1661.0755585188183,1708.2988235433202,0.022658643029832115,-1.3909088855525598,ETH_USDT_92_1676857500,1708.2988235433202,stop_loss,buy,0.029453890679326904,ETH/USDT,2023-02-20T13:30:00
25007.58480395616,24795.10012506182,0.16370716906570815,-2.338181406553313,BTC_USDT_95_1676894400,24795.10012506182,stop_loss,sell,0.011004,BTC/USDT,2023-02-20T20:15:00
1722.0745427987385,1671.3745019878654,0.04897657360730648,-2.476119981601824,ETH_USDT_94_1676887200,1671.3745019878654,stop_loss,sell,0.048838619101679207,ETH/USDT,2023-02-21T14:30:00
1654.554142108361,1655.6867712898318,0.028795806317776344,-0.03902280377683325,ETH_USDT_96_1676997900,1655.6867712898318,stop_loss,buy,0.03445329187630603,ETH/USDT,2023-02-22T03:00:00
24.917321669943533,25.04188322085229,0.02053624469416325,-0.1702498747389652,SOL_USDT_97_1676997900,25.04188322085229,stop_loss,buy,1.3667931516337124,SOL/USDT,2023-02-22T03:00:00
24.40897382100205,23.89152369850705,0.010441792597485735,0.3769193715464034,SOL_USDT_99_1677039300,23.89152369850705,trailing_stop,buy,0.7284168177002337,SOL/USDT,2023-02-22T12:15:00
24004.547679401207,24118.907204585976,0.19989991480232905,-1.579705301139809,BTC_USDT_98_1677033900,24118.907204585976,stop_loss,buy,0.013813500000000003,BTC/USDT,2023-02-22T12:30:00
22.297094623668073,22.382357690355246,0.011081489479175527,-0.3733994455257778,SOL_USDT_102_1677329100,22.382357690355246,take_profit,buy,4.379380897660747,SOL/USDT,2023-02-25T23:45:00
1590.7344962675265,1593.9855188562967,0.020808895712059485,-0.07073484378934657,ETH_USDT_100_1677278700,1593.9855188562967,stop_loss,buy,0.021757721411620388,ETH/USDT,2023-02-26T00:15:00
22774.40983890547,23373.834435353547,0.28048601322424266,-11.988491928961528,BTC_USDT_101_1677329100,23373.834435353547,stop_loss,buy,0.02000000000000001,BTC/USDT,2023-02-26T20:00:00
22.48650077033137,22.523417788334296,0.006473621221395462,-0.06474334279918766,SOL_USDT_103_1677528900,22.523417788334296,stop_loss,buy,1.753753317617882,SOL/USDT,2023-02-28T11:30:00
23640.59967754146,23058.068888023503,0.18330473023912044,-7.71824169571818,BTC_USDT_104_1677599100,23058.068888023503,signal_Trend reversal to downtrend,sell,0.0132495,BTC/USDT,2023-03-01T02:45:00
21.938475178146003,22.001557429220597,0.012531891238892846,-0.06214712790359259,SOL_USDT_105_1677618900,22.001557429220597,stop_loss,buy,0.9851761287038523,SOL/USDT,2023-03-01T06:30:00
22986.625302351604,23803.67683376994,0.22336799052565698,-12.778359130770205,BTC_USDT_106_1677632400,23803.67683376994,stop_loss,buy,0.0156396,BTC/USDT,2023-03-01T10:15:00
23810.27656043507,23742.646903675024,0.10017497581598565,-0.4755717463366541,BTC_USDT_107_1677656700,23742.646903675024,stop_loss,sell,0.007032,BTC/USDT,2023-03-01T14:30:00
1665.252817177515,1650.673628911205,0.024380313687740508,-0.35888901862015066,ETH_USDT_108_1677658500,1650.673628911205,stop_loss,sell,0.024616529539541097,ETH/USDT,2023-03-01T20:30:00
1553.7368957601648,1565.073081471773,0.020718776400292,-0.2501181358787067,ETH_USDT_110_1677811500,1565.073081471773,stop_loss,buy,0.022063694283217698,ETH/USDT,2023-03-04T03:00:00
22176.082457471242,22513.043092638833,0.2701565171116661,-6.739212703351808,BTC_USDT_109_1677811500,22513.043092638833,stop_loss,buy,0.02000000000000001,BTC/USDT,2023-03-04T09:30:00
20.692907069230348,20.72645120500331,0.023044400295765956,-0.06267645294062896,SOL_USDT_111_1677960000,20.72645120500331,stop_loss,buy,1.8684772016438693,SOL/USDT,2023-03-05T02:30:00
20.453588700889412,20.616068109287674,0.019754114858564535,-0.3191389462884911,SOL_USDT_112_1678188600,20.616068109287674,stop_loss,buy,1.9641808733463149,SOL/USDT,2023-03-07T17:30:00
19.617195975022707,19.462368736591543,0.018477292576848155,0.32614948787215653,SOL_USDT_113_1678257000,19.462368736591543,stop_loss,buy,2.1065381723330465,SOL/USDT,2023-03-08T13:00:00
19.37756639636976,19.138729731491953,0.0069087523872537054,0.14369321630257478,SOL_USDT_114_1678270500,19.138729731491953,trailing_stop,buy,0.6016380122209863,SOL/USDT,2023-03-08T18:30:00
21591.525219899133,21916.8861222908,0.21924557032433603,-5.424579645125098,BTC_USDT_115_1678320900,21916.8861222908,stop_loss,buy,0.0166725,BTC/USDT,2023-03-09T19:45:00
1426.14148405994,1435.196995728848,0.11122851555634351,-1.1696781272690533,ETH_USDT_117_1678394700,1435.196995728848,stop_loss,buy,0.1291675357545109,ETH/USDT,2023-03-10T02:30:00
17.564851688824543,17.36390136957354,0.026352076872727545,0.936703789804673,SOL_USDT_116_1678393800,17.36390136957354,trailing_stop,buy,4.661370000784395,SOL/USDT,2023-03-10T05:45:00
20104.830702060575,20263.30419184744,0.2491751712372751,-3.462932883066638,BTC_USDT_118_1678395600,20263.30419184744,take_profit,buy,0.02185181185650678,BTC/USDT,2023-03-10T06:00:00
1421.3838106818764,1430.0866712356424,0.019558709910450264,-0.29608707435897097,ETH_USDT_120_1678411800,1430.0866712356424,stop_loss,buy,0.03402181070577377,ETH/USDT,2023-03-10T11:15:00
16.8272860574194,16.321850520702597,0.01897049380988283,0.9790925880227306,SOL_USDT_121_1678431600,16.321850520702597,take_profit,buy,1.9371265312737977,SOL/USDT,2023-03-10T16:00:00
19877.5722099209,19795.476328416924,0.2375457159410032,1.6419176300795524,BTC_USDT_119_1678411800,19795.476328416924,trailing_stop,buy,0.02000000000000001,BTC/USDT,2023-03-10T16:15:00
17.48497634073342,17.53586010242047,0.005589334519783434,-0.02703093014663957,SOL_USDT_122_1678523400,17.53586010242047,stop_loss,buy,0.5312290060803214,SOL/USDT,2023-03-11T17:15:00
1521.4652963845417,1530.3013883217566,0.038422500755808914,0.6700182557507929,ETH_USDT_124_1678649400,1530.3013883217566,stop_loss,sell,0.07582744277805499,ETH/USDT,2023-03-13T02:00:00
20991.925564845707,21035.513131435677,0.2524261575772282,0.8717513317993876,BTC_USDT_123_1678649400,21035.513131435677,trailing_stop,sell,0.02000000000000001,BTC/USDT,2023-03-13T02:15:00
18.960135563842428,20.205052541250993,0.06729626598452881,12.197153877299616,SOL_USDT_125_1678653000,20.205052541250993,take_profit,sell,9.797564093542503,SOL/USDT,2023-03-13T04:00:00
21895.630782103166,22320.466854387163,0.26823657276081053,8.509123992047744,BTC_USDT_126_1678660200,22320.466854387163,take_profit,sell,0.02002919372241892,BTC/USDT,2023-03-13T06:15:00
1575.0423481064786,1601.4685526730148,0.03788052475243718,1.1329957634480667,ETH_USDT_127_1678661100,1601.4685526730148,trailing_stop,sell,0.04287394962812001,ETH/USDT,2023-03-13T06:15:00
20.244602357953948,20.424158670346056,0.02350742935002049,0.66113779753175,SOL_USDT_128_1678665600,20.424158670346056,stop_loss,sell,3.682063797835086,SOL/USDT,2023-03-13T06:15:00
26299.80823850695,25795.63997841261,0.3097024382036464,-10.15010049061081,BTC_USDT_129_1678798800,25795.63997841261,take_profit,sell,0.02013236709647599,BTC/USDT,2023-03-14T18:45:00
25912.06692524526,25680.942163073203,0.265330871859283,-3.979899067174182,BTC_USDT_132_1678802400,25680.942163073203,stop_loss,sell,0.0172197,BTC/USDT,2023-03-14T20:30:00
1748.8564697835109,1757.9585779395738,0.035127124659326193,0.3758255023237286,ETH_USDT_130_1678800600,1757.9585779395738,stop_loss,sell,0.041289940295138,ETH/USDT,2023-03-14T20:30:00
21.921514966447162,21.978441393263914,0.024418103577679737,0.158715915978557,SOL_USDT_131_1678800600,21.978441393263914,stop_loss,sell,2.78808850043355,SOL/USDT,2023-03-14T20:30:00
18.949055415960398,19.421911088732134,0.00676763644084314,-0.7116570250291817,SOL_USDT_133_1678899600,19.421911088732134,stop_loss,buy,1.5050195355755482,SOL/USDT,2023-03-16T02:15:00
25087.86190127408,24774.376809862955,0.2972925217183556,-6.2697018282224635,BTC_USDT_134_1678963500,24774.376809862955,stop_loss,sell,0.02000000000000001,BTC/USDT,2023-03-17T04:45:00
20.435589599288154,20.616388826363128,0.02356224017089391,0.3443890236170609,SOL_USDT_136_1679035500,20.616388826363128,trailing_stop,sell,1.9048146896902869,SOL/USDT,2023-03-17T16:00:00
26203.229739215265,26551.314646317955,0.20910594054966286,4.5689276821391935,BTC_USDT_137_1679036400,26551.314646317955,take_profit,sell,0.0131259,BTC/USDT,2023-03-17T16:15:00
1732.7602073976186,1737.192668658167,0.03369677875955282,0.1432960096594156,ETH_USDT_135_1679035500,1737.192668658167,stop_loss,sell,0.032328767525808086,ETH/USDT,2023-03-17T16:15:00
26974.19634849759,26441.811572476814,0.26374913789198445,-8.850630708957382,BTC_USDT_138_1679054400,26441.811572476814,stop_loss,sell,0.0166245,BTC/USDT,2023-03-17T18:15:00
1761.1399103169683,1709.8804698468882,0.04950124982362451,-2.473278506183005,ETH_USDT_139_1679054400,1709.8804698468882,stop_loss,sell,0.04825020490862841,ETH/USDT,2023-03-17T20:00:00
20.776488005909055,20.02497212659682,0.0184215228380883,-1.1522335583802497,SOL_USDT_140_1679054400,20.02497212659682,stop_loss,sell,1.5332125243111787,SOL/USDT,2023-03-17T20:15:00
21.188282345342802,21.35077328374271,0.03599459167958894,1.1322039416662055,SOL_USDT_142_1679092200,21.35077328374271,stop_loss,sell,6.967797421907437,SOL/USDT,2023-03-18T04:15:00
27288.350344101673,27170.5639421579,0.25017894502148613,-1.8075736815095285,BTC_USDT_141_1679090400,27170.5639421579,stop_loss,sell,0.0153462,BTC/USDT,2023-03-18T05:15:00
1793.2886535194916,1818.095192139607,0.05896454399951755,1.3408779366682049,ETH_USDT_143_1679094000,1818.095192139607,stop_loss,sell,0.05405340733756789,ETH/USDT,2023-03-18T06:30:00
22.53333635082061,22.565957855266646,0.01605276372018322,0.09185313310259571,SOL_USDT_144_1679101200,22.565957855266646,stop_loss,sell,2.8157233905180203,SOL/USDT,2023-03-18T10:15:00
1832.3843253122477,1762.5053081799142,0.03288363735459877,-2.172926087476011,ETH_USDT_145_1679103000,1762.5053081799142,stop_loss,sell,0.031095544508890682,ETH/USDT,2023-03-18T22:00:00
23.22563378435965,22.327438364165754,0.01910546123395505,-1.2809678015259152,SOL_USDT_147_1679417100,22.327438364165754,stop_loss,sell,1.4261571287564434,SOL/USDT,2023-03-22T00:00:00
28356.49842967794,27917.891094652445,0.3350146931358295,-8.788871953150617,BTC_USDT_146_1679402700,27917.891094652445,stop_loss,sell,0.020038132633234996,BTC/USDT,2023-03-22T00:30:00
22.277528213667292,23.108253480206407,0.006821887541256842,-0.40873666998565983,SOL_USDT_148_1679473800,23.108253480206407,stop_loss,buy,0.49202388135911374,SOL/USDT,2023-03-22T20:30:00
21.84873559860431,21.765605296848026,0.011079605694050507,0.07052801519686726,SOL_USDT_151_1679598900,21.765605296848026,stop_loss,buy,0.8484032140727243,SOL/USDT,2023-03-24T14:15:00
1839.1941379276739,1781.160993802108,0.02343457784071167,-1.4454141717875675,ETH_USDT_150_1679593500,1781.160993802108,stop_loss,sell,0.024906701051043062,ETH/USDT,2023-03-24T14:30:00
28448.25110985441,27496.913970239446,0.23506396833394474,-13.554556431520036,BTC_USDT_149_1679593500,27496.913970239446,stop_loss,sell,0.0142479,BTC/USDT,2023-03-24T17:30:00
1757.6072819455317,1751.5418477445185,0.037639090463289775,0.2172347246370857,ETH_USDT_152_1679672700,1751.5418477445185,stop_loss,buy,0.035815197632643944,ETH/USDT,2023-03-24T23:00:00
27143.86243322839,27851.56119763198,0.33421873437158395,-14.153975288071823,BTC_USDT_154_1679694300,27851.56119763198,stop_loss,buy,0.02000000000000001,BTC/USDT,2023-03-25T21:30:00
1731.114776465844,1739.3191695029552,0.024138670147833798,-0.30816540329006303,ETH_USDT_153_1679680800,1739.3191695029552,stop_loss,buy,0.037561023941213835,ETH/USDT,2023-03-26T00:45:00
1795.0208581160239,1748.402151094479,0.024708705209924575,-1.763197403339583,ETH_USDT_155_1679840100,1748.402151094479,stop_loss,sell,0.03782167108420059,ETH/USDT,2023-03-27T02:30:00
27994.518161628,27758.320581893327,0.3330998469827201,-5.341761639162136,BTC_USDT_156_1679841000,27758.320581893327,stop_loss,sell,0.022615649343920952,BTC/USDT,2023-03-27T04:00:00
1695.667174103548,1743.5869732408798,0.027704321117412577,-1.4105455825061002,ETH_USDT_157_1679948100,1743.5869732408798,stop_loss,buy,0.029435548727231944,ETH/USDT,2023-03-28T11:45:00
19.635685755396644,20.230741160723714,0.002098999623142245,-0.10289794967696203,SOL_USDT_158_1679948100,20.230741160723714,stop_loss,buy,0.1729216283992993,SOL/USDT,2023-03-28T17:30:00
20.90740584596115,20.8125477287179,0.005718233715801516,-0.08886197810486952,SOL_USDT_160_1680053400,20.8125477287179,stop_loss,sell,0.9367883391254118,SOL/USDT,2023-03-29T11:15:00
1793.3823540349847,1796.1277201988469,0.0290964865001012,0.1331324958693458,ETH_USDT_159_1680052500,1796.1277201988469,take_profit,sell,0.048493529796424475,ETH/USDT,2023-03-29T12:15:00
21.308738973022667,21.41031775074402,0.026020952951775967,0.5121686943173629,SOL_USDT_162_1680071400,21.41031775074402,stop_loss,sell,5.042083649818269,SOL/USDT,2023-03-29T13:45:00
28247.10217278094,28328.399648452014,0.3510056783736941,1.6811049215498142,BTC_USDT_161_1680071400,28328.399648452014,take_profit,sell,0.020678439369402554,BTC/USDT,2023-03-29T14:00:00
1820.5589241288983,1799.8136289425918,0.024643587101038967,-0.47341798861776846,ETH_USDT_163_1680075000,1799.8136289425918,stop_loss,sell,0.022820499027184752,ETH/USDT,2023-03-29T19:00:00
28466.00304522367,28243.108583229434,0.22261783047473108,-2.9281645472183007,BTC_USDT_164_1680092100,28243.108583229434,stop_loss,sell,0.013137000000000003,BTC/USDT,2023-03-29T20:00:00
20.41427601328228,20.455945981380918,0.013733295644744075,-0.06951544600542642,SOL_USDT_165_1680193800,20.455945981380918,stop_loss,buy,1.6682385223063807,SOL/USDT,2023-03-30T23:15:00
27655.231892331634,28544.1469461389,0.13833920817446216,-7.1802113471281785,BTC_USDT_166_1680250500,28544.1469461389,stop_loss,buy,0.0080775,BTC/USDT,2023-03-31T19:00:00
21.438955871593354,20.902623581237595,0.011751550050944097,-1.0872544863295766,SOL_USDT_167_1680303600,20.902623581237595,stop_loss,sell,2.027203108745105,SOL/USDT,2023-04-01T08:15:00
28727.006960500286,27895.185190722255,0.33474222228866723,-16.63643539556063,BTC_USDT_168_1680390000,27895.185190722255,signal_Trend reversal to downtrend,sell,0.02000000000000001,BTC/USDT,2023-04-02T20:45:00
20.29423250137938,20.171395992820663,0.02067765145314185,0.20986570212278416,SOL_USDT_170_1680464700,20.171395992820663,stop_loss,buy,1.7084961513902635,SOL/USDT,2023-04-03T07:15:00
1773.886871215675,1783.6953144630227,0.02864660533677606,-0.5128129640949874,ETH_USDT_169_1680464700,1783.6953144630227,trailing_stop,buy,0.05228280891910741,ETH/USDT,2023-04-03T07:30:00
20.314975778539356,20.44523723190016,0.004367750601278372,-0.40274780193941034,SOL_USDT_171_1680852600,20.44523723190016,stop_loss,buy,3.0918417655288017,SOL/USDT,2023-04-07T17:30:00
20.18469510335386,20.12077277261466,0.018473751942048117,0.09781642873749931,SOL_USDT_172_1680978600,20.12077277261466,stop_loss,buy,1.530238769555924,SOL/USDT,2023-04-09T03:45:00
19.916124354029616,20.415260594863277,0.02419864478400686,-2.549992245290387,SOL_USDT_173_1680993900,20.415260594863277,stop_loss,buy,5.108810053606553,SOL/USDT,2023-04-10T01:00:00
1825.4726243503223,1879.027520294113,0.03525601079876522,-1.6747421820849566,ETH_USDT_174_1681024500,1879.027520294113,stop_loss,buy,0.031271504734930476,ETH/USDT,2023-04-10T03:30:00
1914.0750383472407,1907.6799051223225,0.036433008893740536,-0.2035578619474621,ETH_USDT_175_1681165800,1907.6799051223225,stop_loss,sell,0.031830120622712135,ETH/USDT,2023-04-11T06:15:00
29846.64282928383,30023.824798033154,0.360285897576398,3.5436393749864528,BTC_USDT_177_1681166700,30023.824798033154,take_profit,sell,0.02000000000000001,BTC/USDT,2023-04-11T07:30:00
21.01772118234115,21.141459247310884,0.05574051165736736,0.5989071140468379,SOL_USDT_176_1681165800,21.141459247310884,stop_loss,sell,4.840120250735461,SOL/USDT,2023-04-11T07:30:00
21.359040188682652,21.634711445694563,0.04058739273955229,0.8619464452941383,SOL_USDT_178_1681180200,21.634711445694563,stop_loss,sell,3.1267185945936142,SOL/USDT,2023-04-11T10:00:00
23.416719368141614,23.37370716835659,0.01284303208371107,-0.06447778277021436,SOL_USDT_179_1681243200,23.37370716835659,stop_loss,sell,1.4990580135978706,SOL/USDT,2023-04-12T06:00:00
24.128939936790946,23.442950009545413,0.006427895169068578,-0.9934924915155945,SOL_USDT_180_1681307100,23.442950009545413,stop_loss,sell,1.4482610488244074,SOL/USDT,2023-04-12T20:45:00
1995.0392142831108,1991.2017530728108,0.03133393075051862,-0.14577676060431138,ETH_USDT_181_1681378200,1991.2017530728108,stop_loss,sell,0.037987813456729046,ETH/USDT,2023-04-13T18:15:00
2001.982887721913,1994.9223122797307,0.0255884347347405,-1.4770734946251187,ETH_USDT_182_1681399800,1994.9223122797307,stop_loss,sell,0.20920015751132637,ETH/USDT,2023-04-13T22:45:00
2127.9794096171368,2055.046252455192,0.03027456307168746,-1.7907297413854908,ETH_USDT_184_1681455600,2055.046252455192,stop_loss,sell,0.02455302651178615,ETH/USDT,2023-04-14T21:00:00
31069.832867775745,30031.51793317395,0.36037821519808755,-20.766298692035935,BTC_USDT_183_1681453800,30031.51793317395,stop_loss,sell,0.02000000000000001,BTC/USDT,2023-04-14T21:15:00
2117.5777128997274,2126.7013110875196,0.027303557028365955,0.19522149327816254,ETH_USDT_185_1681553700,2126.7013110875196,take_profit,sell,0.021397423391505698,ETH/USDT,2023-04-17T00:45:00
24.78193035164291,25.27519943105516,0.03489505239645292,1.1350157967162422,SOL_USDT_186_1681674300,25.27519943105516,take_profit,sell,2.3010073894529484,SOL/USDT,2023-04-17T02:15:00
25.233210203534874,25.236051060293555,0.016666830140847258,0.007965495291893682,SOL_USDT_187_1681679700,25.236051060293555,stop_loss,sell,2.803905993342823,SOL/USDT,2023-04-17T03:15:00
29774.06383066385,29753.565486215648,0.3062355974103259,0.35162860066446155,BTC_USDT_188_1681695000,29753.565486215648,stop_loss,buy,0.017154,BTC/USDT,2023-04-17T17:15:00
29279.32784892378,29556.774240792118,0.35468129088950556,-5.5489278373667945,BTC_USDT_189_1681736400,29556.774240792118,take_profit,buy,0.02000000000000001,BTC/USDT,2023-04-18T07:00:00
25.283925422351476,25.35397948037102,0.015177915775343515,0.06989531256587986,SOL_USDT_190_1681811100,25.35397948037102,stop_loss,sell,0.9977339577727312,SOL/USDT,2023-04-18T17:15:00
25.394112390122007,24.877646663060997,0.011090640794518353,-0.6393487125105466,SOL_USDT_192_1681820100,24.877646663060997,stop_loss,sell,1.2379305712090738,SOL/USDT,2023-04-18T21:30:00
2129.900458842804,2067.573994122297,0.04374834154909395,-2.1979700798227784,ETH_USDT_191_1681819200,2067.573994122297,stop_loss,sell,0.03526543803951057,ETH/USDT,2023-04-18T23:30:00
30548.77456231152,29108.168514414436,0.3492980221729735,-28.812120957941676,BTC_USDT_193_1681826400,29108.168514414436,stop_loss,sell,0.02000000000000001,BTC/USDT,2023-04-19T13:45:00
29140.894712676305,29077.235201685922,0.1427808557343585,0.5209894379452931,BTC_USDT_196_1681902000,29077.235201685922,stop_loss,buy,0.008183999999999999,BTC/USDT,2023-04-20T03:00:00
1971.6714516679206,1970.8592337114312,0.03428642136649304,0.02354983604890573,ETH_USDT_194_1681896600,1970.8592337114312,stop_loss,buy,0.02899447846572518,ETH/USDT,2023-04-20T03:00:00
22.875345151423907,22.944848991098134,0.0127751100971962,-0.12813245228649536,SOL_USDT_195_1681896600,22.944848991098134,stop_loss,buy,1.8435305572622929,SOL/USDT,2023-04-20T03:00:00
22.7556586899376,22.90420738436356,0.006753581503469761,-0.17447405225700233,SOL_USDT_198_1681949700,22.90420738436356,stop_loss,buy,1.1745243061962147,SOL/USDT,2023-04-20T09:00:00
28594.142490093458,29060.648159707274,0.34872777791648746,-9.330113392276331,BTC_USDT_197_1681947900,29060.648159707274,stop_loss,buy,0.02000000000000001,BTC/USDT,2023-04-20T18:00:00
1911.0427502033353,1962.7306414444095,0.02494591315091564,-1.6914368551429961,ETH_USDT_199_1682019000,1962.7306414444095,stop_loss,buy,0.03272404453983383,ETH/USDT,2023-04-21T03:45:00
27082.19912105587,27833.72852877877,0.16500669283715924,-7.425486313006125,BTC_USDT_200_1682126100,27833.72852877877,stop_loss,buy,0.009880500000000004,BTC/USDT,2023-04-22T23:00:00
22.292309940818154,21.632634190005643,0.025303879972599124,-1.286047418973592,SOL_USDT_201_1682240400,21.632634190005643,stop_loss,sell,1.9495144658411203,SOL/USDT,2023-04-23T20:45:00
1827.4692140988907,1874.94971899413,0.03105697884545101,-1.3107916274272804,ETH_USDT_202_1682326800,1874.94971899413,stop_loss,buy,0.027606943740792155,ETH/USDT,2023-04-24T19:15:00
28492.194948528886,28543.985355304045,0.18317702985971404,0.5539294747043884,BTC_USDT_203_1682478900,28543.985355304045,stop_loss,sell,0.010695600000000003,BTC/USDT,2023-04-26T14:00:00
30044.84142106747,28506.867185947922,0.3420824062313752,-30.759484702391,BTC_USDT_204_1682517600,28506.867185947922,stop_loss,sell,0.02000000000000001,BTC/USDT,2023-04-27T01:00:00
1963.2493399230968,1865.9988523819306,0.02690669439780461,-2.3371657356304403,ETH_USDT_205_1682531100,1865.9988523819306,stop_loss,sell,0.02403243207023632,ETH/USDT,2023-04-27T01:00:00
22.573558921409102,22.50453527370254,0.007650705962506164,-0.039109126718974395,SOL_USDT_206_1682630100,22.50453527370254,stop_loss,sell,0.5666047509577861,SOL/USDT,2023-04-28T13:45:00
23.67799941164748,23.799467444231542,0.013125881747346923,0.1116534109791407,SOL_USDT_208_1682844300,23.799467444231542,stop_loss,sell,0.9191999623594058,SOL/USDT,2023-04-30T20:45:00
1924.3161267842024,1930.076810726101,0.02794370225570546,0.1390055531875258,ETH_USDT_207_1682779500,1930.076810726101,stop_loss,sell,0.024130043340255248,ETH/USDT,2023-04-30T21:00:00
1869.9980517141105,1839.9913650093777,0.03144334301683856,0.8546331256387127,ETH_USDT_209_1682900100,1839.9913650093777,stop_loss,buy,0.028481422625841427,ETH/USDT,2023-05-01T07:15:00
21.79897703589242,21.846874461920095,0.009685667483452594,-0.03539167907259444,SOL_USDT_210_1683087300,21.846874461920095,stop_loss,buy,0.7389056575220916,SOL/USDT,2023-05-03T12:30:00
21.619443848912034,22.16589170521768,0.007100373959545115,-0.2917383293787159,SOL_USDT_211_1683227700,22.16589170521768,stop_loss,buy,0.5338813685738724,SOL/USDT,2023-05-05T07:30:00
1916.762798300379,1921.5426348049782,0.06298023414355379,0.261105510380826,ETH_USDT_212_1683287100,1921.5426348049782,stop_loss,sell,0.05462645220805956,ETH/USDT,2023-05-05T19:15:00
22.874527947173025,22.805046946060443,0.01625137817034325,-0.18857040753164572,SOL_USDT_213_1683312300,22.805046946060443,trailing_stop,sell,2.7139851831740396,SOL/USDT,2023-05-06T02:00:00
28363.11797493133,29221.18469182929,0.246001465446634,-12.039534104795273,BTC_USDT_214_1683386100,29221.18469182929,stop_loss,buy,0.014030999999999998,BTC/USDT,2023-05-07T07:00:00
1871.7031359938537,1926.8409092876514,0.028151283029354546,-1.7225624464635183,ETH_USDT_215_1683387000,1926.8409092876514,stop_loss,buy,0.03124105932397685,ETH/USDT,2023-05-07T19:15:00
27808.28555111848,27963.882127664394,0.3355665855319729,-3.2603309136787826,BTC_USDT_216_1683531900,27963.882127664394,stop_loss,buy,0.02095374452352871,BTC/USDT,2023-05-08T14:30:00
21.131332799180033,21.178649573320385,0.004681131384281039,-0.06617785199937284,SOL_USDT_218_1683532800,21.178649573320385,stop_loss,buy,1.3986129274805268,SOL/USDT,2023-05-08T21:45:00
27775.902839265345,27567.81040478763,0.2093058437173096,2.6332016658810162,BTC_USDT_219_1683541800,27567.81040478763,stop_loss,buy,0.012653999999999999,BTC/USDT,2023-05-08T23:30:00
1840.1812885012212,1837.2640095852844,0.04442023917830051,0.13300733409822324,ETH_USDT_217_1683532800,1837.2640095852844,take_profit,buy,0.04559294394910911,ETH/USDT,2023-05-08T23:45:00
26772.12053380717,26812.931332829186,0.2347767080433856,-0.5955723955277904,BTC_USDT_222_1683829800,26812.931332829186,stop_loss,buy,0.014593499999999999,BTC/USDT,2023-05-12T08:30:00
1770.893144419063,1774.6221195050925,0.025782430490302186,-0.09029343946796367,ETH_USDT_220_1683828000,1774.6221195050925,stop_loss,buy,0.024214009851190557,ETH/USDT,2023-05-12T08:30:00
26470.887030284728,26344.415869479108,0.1454844021976114,1.1640405640549307,BTC_USDT_224_1683869400,26344.415869479108,stop_loss,buy,0.009204,BTC/USDT,2023-05-12T11:30:00
1752.6674746010008,1756.5947766261474,0.02385536744592398,-0.08889095550818901,ETH_USDT_223_1683865800,1756.5947766261474,stop_loss,buy,0.022634102225654314,ETH/USDT,2023-05-12T11:30:00
19.925621801373204,20.04406881718711,0.008996660374387965,-0.1276782208102355,SOL_USDT_221_1683828000,20.04406881718711,stop_loss,buy,1.0779353108467704,SOL/USDT,2023-05-12T12:00:00
1750.5855682894037,1771.5632943536198,0.06360042035277548,-1.7257320543514805,ETH_USDT_225_1683874800,1771.5632943536198,stop_loss,buy,0.08226497233631262,ETH/USDT,2023-05-13T01:00:00
21.027830752670962,21.051727319326297,0.0052037989568635154,0.027753288185919506,SOL_USDT_226_1683941400,21.051727319326297,stop_loss,sell,1.1613922864406012,SOL/USDT,2023-05-13T09:00:00
21.278862911588035,21.146579691033832,0.027201753472184693,-0.28360264454080775,SOL_USDT_227_1684045800,21.146579691033832,stop_loss,sell,2.1439048985400277,SOL/USDT,2023-05-14T20:45:00
27624.567923363822,27270.92324587639,0.32725107895051686,-7.481618010608669,BTC_USDT_228_1684131300,27270.92324587639,take_profit,sell,0.021155748939200622,BTC/USDT,2023-05-15T23:00:00
21.539828785125827,21.021550026313374,0.008498681894974294,-1.3007828423669623,SOL_USDT_229_1684133100,21.021550026313374,stop_loss,sell,2.509813146399213,SOL/USDT,2023-05-16T02:00:00
1845.406416810103,1793.9520096219974,0.02324545563512446,-1.1655878840897733,ETH_USDT_230_1684134000,1793.9520096219974,signal_Trend reversal to downtrend,sell,0.022652828937055797,ETH/USDT,2023-05-17T15:00:00
1794.7333116799011,1797.6722285307424,0.02378038614412297,-0.06479543976304185,ETH_USDT_231_1684319400,1797.6722285307424,stop_loss,buy,0.022047387881863705,ETH/USDT,2023-05-17T17:15:00
26432.13721955671,27302.961182035488,0.3304475436672022,-17.948140763705243,BTC_USDT_232_1684323900,27302.961182035488,stop_loss,buy,0.020610526968753037,BTC/USDT,2023-05-17T23:30:00
20.463575616253603,20.92631857044028,0.014901530010813988,-0.549195024110764,SOL_USDT_233_1684323900,20.92631857044028,stop_loss,buy,1.1868252539383048,SOL/USDT,2023-05-17T23:30:00
1785.1697081619823,1836.6385725494463,0.03622683749349985,-1.6919988269216595,ETH_USDT_234_1684325700,1836.6385725494463,stop_loss,buy,0.03287422108605471,ETH/USDT,2023-05-18T00:45:00
21.278872733134975,20.882871355953913,0.009794214231636185,-1.6305291145193646,SOL_USDT_235_1684366200,20.882871355953913,stop_loss,sell,4.117483444442282,SOL/USDT,2023-05-18T10:45:00
20.54335969516476,20.321855425984214,0.015058450399221619,0.2735569645547051,SOL_USDT_236_1684422000,20.321855425984214,stop_loss,buy,1.234996352741769,SOL/USDT,2023-05-18T23:15:00
19.37789218204362,19.903467873582866,0.012260500119960162,-1.3274772061347928,SOL_USDT_237_1684716300,19.903467873582866,stop_loss,buy,2.5257583779170436,SOL/USDT,2023-05-22T14:30:00
26451.37870986488,27333.97631946466,0.29013922504058953,-15.614034311429696,BTC_USDT_238_1684721700,27333.97631946466,stop_loss,buy,0.017691,BTC/USDT,2023-05-23T08:30:00
1842.2808171293525,1837.9714042767903,0.058025272061226985,-0.22674895141841012,ETH_USDT_239_1685111400,1837.9714042767903,take_profit,sell,0.05261713351126095,ETH/USDT,2023-05-28T06:15:00
27209.968742591896,27047.307165936498,0.34021882533025866,-3.4969655207946166,BTC_USDT_240_1685234700,27047.307165936498,take_profit,sell,0.021498411565277015,BTC/USDT,2023-05-28T09:30:00
20.756684951975004,20.444112841970867,0.011088810924409507,-2.46831788464259,SOL_USDT_241_1685234700,20.444112841970867,stop_loss,sell,7.896795029505105,SOL/USDT,2023-05-28T11:45:00
28285.2307974432,28095.329534190172,0.3371439544102822,-3.798025265060571,BTC_USDT_242_1685312100,28095.329534190172,stop_loss,sell,0.02000000000000001,BTC/USDT,2023-05-29T06:00:00
1914.3160594529877,1904.683235029998,0.0330603998399412,-0.4453383611843294,ETH_USDT_244_1685313000,1904.683235029998,stop_loss,sell,0.04623133793672056,ETH/USDT,2023-05-29T06:45:00
21.218310899926614,20.64360429808733,0.005604478255380532,-2.7415721490077285,SOL_USDT_243_1685312100,20.64360429808733,stop_loss,sell,4.770385689382425,SOL/USDT,2023-05-29T09:30:00
21.37894862457488,21.29459089702447,0.023034064236917905,-0.15208097717341246,SOL_USDT_245_1685445300,21.29459089702447,stop_loss,sell,1.802810265159598,SOL/USDT,2023-05-30T17:45:00
21.329101382302536,21.202019873974415,0.01143639337498743,-0.11424651429171433,SOL_USDT_247_1685450700,21.202019873974415,stop_loss,sell,0.8990018752117153,SOL/USDT,2023-05-30T23:30:00
1921.957076510609,1866.9062301082777,0.04473076428789696,-2.1983486141928417,ETH_USDT_246_1685448900,1866.9062301082777,stop_loss,sell,0.03993305748882618,ETH/USDT,2023-05-31T10:30:00
26841.889551586424,26905.395874466623,0.32286475049359964,-1.298246630313343,BTC_USDT_248_1685530800,26905.395874466623,stop_loss,buy,0.020442793275283897,BTC/USDT,2023-06-01T08:30:00
26673.776293916177,26892.002734150617,0.19408227293263844,-2.6249367363599716,BTC_USDT_249_1685603700,26892.002734150617,stop_loss,buy,0.012028500000000001,BTC/USDT,2023-06-02T06:15:00
1903.5233578093432,1901.9911963206628,0.03310072955175137,-0.04444084981792444,ETH_USDT_250_1685697300,1901.9911963206628,stop_loss,sell,0.0290053301471493,ETH/USDT,2023-06-03T00:30:00
21.860802542722073,21.98830635495683,0.04110778610170527,0.675469923654104,SOL_USDT_253_1685880000,21.98830635495683,take_profit,sell,5.297644923827424,SOL/USDT,2023-06-04T19:30:00
27343.51869242947,27155.013608738398,0.16134965986040187,-1.8667658437926713,BTC_USDT_252_1685873700,27155.013608738398,stop_loss,sell,0.009903000000000002,BTC/USDT,2023-06-05T04:00:00
1917.8162041652188,1873.313965321461,0.027283762757718554,-1.6397516201773175,ETH_USDT_251_1685735100,1873.313965321461,signal_Trend reversal to downtrend,sell,0.03684649722757308,ETH/USDT,2023-06-05T07:45:00
22.29271724393012,21.632239847443117,0.021882343826872933,-1.1135226542829755,SOL_USDT_254_1685901600,21.632239847443117,stop_loss,sell,1.6859360520218605,SOL/USDT,2023-06-05T08:15:00
1862.187516911428,1858.1342453821217,0.031715466567843964,0.11530508626918685,ETH_USDT_255_1685935800,1858.1342453821217,stop_loss,buy,0.028447412278081254,ETH/USDT,2023-06-05T20:45:00
19.915406125539164,20.395548224619183,0.10799939655432715,-5.768910005275441,SOL_USDT_256_1685980800,20.395548224619183,stop_loss,buy,12.015005591738385,SOL/USDT,2023-06-05T21:45:00
25551.981651742655,25671.880369312534,0.30806256443175056,-2.5342082842590457,BTC_USDT_257_1685983500,25671.880369312534,stop_loss,buy,0.02113624178492215,BTC/USDT,2023-06-06T00:45:00
1799.346178389821,1825.5533982096492,0.023523890233404312,-1.0456909475030753,ETH_USDT_258_1685983500,1825.5533982096492,stop_loss,buy,0.03990087291563499,ETH/USDT,2023-06-06T08:30:00
19.71626701483522,19.76962674280688,0.003619518643026317,-0.01628226072018188,SOL_USDT_259_1686016800,19.76962674280688,stop_loss,buy,0.30514137419946213,SOL/USDT,2023-06-06T17:45:00
27265.737336587055,27125.313778685,0.143278619910392,-1.236218791990758,BTC_USDT_261_1686091500,27125.313778685,stop_loss,sell,0.008803499999999999,BTC/USDT,2023-06-07T06:15:00
1890.9711338781053,1843.8683799252422,0.08737201915075206,-3.719953446089231,ETH_USDT_260_1686082500,1843.8683799252422,stop_loss,sell,0.07897528560244856,ETH/USDT,2023-06-07T15:30:00
19.78628260445,19.740549203378137,0.00661385550046984,0.025537461252815547,SOL_USDT_262_1686141000,19.740549203378137,stop_loss,buy,0.5583984714516819,SOL/USDT,2023-06-07T19:15:00
18.58118426028169,18.427634716862904,0.009039420595856065,0.12553599766423448,SOL_USDT_264_1686183300,18.427634716862904,stop_loss,buy,0.8175602145676897,SOL/USDT,2023-06-08T09:00:00
18.013238483154105,17.69528123979994,0.02913577741835627,1.0009585182715421,SOL_USDT_265_1686335400,17.69528123979994,stop_loss,buy,3.1480915726665737,SOL/USDT,2023-06-10T00:30:00
17.31520557059563,17.321337105080634,0.024415416922100624,-0.014404581847561505,SOL_USDT_266_1686354300,17.321337105080634,stop_loss,buy,2.349262143561575,SOL/USDT,2023-06-10T05:45:00
1819.4437620837464,1796.1242680746232,0.02890523844331868,0.6254722522009478,ETH_USDT_263_1686176100,1796.1242680746232,stop_loss,buy,0.02682186208483967,ETH/USDT,2023-06-10T10:00:00
16.399006163247606,14.523907566663036,0.012371992021762332,11.203600723825181,SOL_USDT_267_1686365100,14.523907566663036,stop_loss,buy,5.97493952810384,SOL/USDT,2023-06-10T10:00:00
25663.942460501585,25802.974795904367,0.31713473462154157,-3.092936200593845,BTC_USDT_268_1686371400,25802.974795904367,stop_loss,buy,0.022246164474138214,BTC/USDT,2023-06-10T11:00:00
1751.615320746852,1746.4966390756692,0.04945537465792097,0.6057280219105673,ETH_USDT_269_1686375900,1746.4966390756692,take_profit,buy,0.11833672434070552,ETH/USDT,2023-06-10T12:45:00
25390.075786776415,26229.35108323999,0.31475221299888,-16.78550592927154,BTC_USDT_270_1686377700,26229.35108323999,stop_loss,buy,0.02000000000000001,BTC/USDT,2023-06-10T23:15:00
1732.6233378360614,1762.2846708899888,0.021460060444136845,-0.695099340631896,ETH_USDT_271_1686406500,1762.2846708899888,stop_loss,buy,0.023434528022329062,ETH/USDT,2023-06-11T07:15:00
15.004078833460337,15.64469602764792,0.014461772090920933,-0.9869649372427921,SOL_USDT_272_1686538800,15.64469602764792,stop_loss,buy,1.5406469670150535,SOL/USDT,2023-06-12T14:45:00
26253.644447796512,25939.286179313258,0.20286181906538445,-4.097471414718133,BTC_USDT_273_1686626100,25939.286179313258,stop_loss,sell,0.013034400000000002,BTC/USDT,2023-06-13T18:15:00
24974.25323717778,25013.837791001464,0.10130604305355592,-0.26719573830985793,BTC_USDT_274_1686794400,25013.837791001464,stop_loss,buy,0.00675,BTC/USDT,2023-06-15T12:30:00
1642.8788874295742,1649.6270009179702,0.019795524011015652,-0.13496226976792067,ETH_USDT_275_1686798900,1649.6270009179702,trailing_stop,buy,0.02000000000000001,ETH/USDT,2023-06-15T13:45:00
26444.109988944005,26608.50975714931,0.08831896558592998,0.9094595177117473,BTC_USDT_276_1686960900,26608.50975714931,stop_loss,sell,0.005532,BTC/USDT,2023-06-17T11:15:00
15.89859308311107,15.968833838387217,0.05156812430656086,0.37804722583642747,SOL_USDT_278_1686979800,15.968833838387217,stop_loss,sell,5.382163451263538,SOL/USDT,2023-06-17T11:15:00
1725.701788593566,1748.8020621165174,0.02098562474539822,0.4620054704590259,ETH_USDT_277_1686968100,1748.8020621165174,take_profit,sell,0.02000000000000001,ETH/USDT,2023-06-17T11:30:00
15.92883577299116,15.400897816603159,0.018090447215251867,-1.0335581131584943,SOL_USDT_280_1686986100,15.400897816603159,stop_loss,sell,1.9577264726897072,SOL/USDT,2023-06-19T04:30:00
1752.9862071588554,1710.0348767167682,0.020520418520601227,-0.8590266088417461,ETH_USDT_281_1686996900,1710.0348767167682,signal_Trend reversal to downtrend,sell,0.02000000000000001,ETH/USDT,2023-06-19T12:45:00
26742.708358133375,26857.767012334,0.10251824530743985,0.7319801462935298,BTC_USDT_279_1686986100,26857.767012334,stop_loss,sell,0.0063618,BTC/USDT,2023-06-19T23:45:00
15.751418183234332,16.219798138957522,0.030290734978984594,-1.5938371936092566,SOL_USDT_282_1687271400,16.219798138957522,stop_loss,buy,3.4028723350219656,SOL/USDT,2023-06-20T22:00:00
28489.725405484263,28597.120477889894,0.3431654457346789,2.147901448112608,BTC_USDT_285_1687305600,28597.120477889894,stop_loss,sell,0.02000000000000001,BTC/USDT,2023-06-21T06:45:00
1793.0335029167488,1810.9927471135493,0.0217319129653626,0.3591848839360093,ETH_USDT_284_1687296600,1810.9927471135493,take_profit,sell,0.02000000000000001,ETH/USDT,2023-06-21T06:45:00
16.52114587408643,17.0094660607534,0.02508700811034018,1.200360281700551,SOL_USDT_283_1687294800,17.0094660607534,take_profit,sell,2.4581418390536087,SOL/USDT,2023-06-21T06:45:00
28913.661867912004,28665.18882570708,0.20830878058886032,-3.0094060979691717,BTC_USDT_287_1687316400,28665.18882570708,stop_loss,sell,0.0121116,BTC/USDT,2023-06-21T14:15:00
1829.0107472864488,1818.2068665732047,0.021818482398878465,-0.21607761426488206,ETH_USDT_288_1687320000,1818.2068665732047,stop_loss,sell,0.02000000000000001,ETH/USDT,2023-06-21T19:45:00
17.09297203793601,17.07370887446858,0.02280384189838659,-0.04288017104775755,SOL_USDT_286_1687312800,17.07370887446858,stop_loss,sell,2.2260191645185587,SOL/USDT,2023-06-21T22:15:00
17.735519734288363,17.205836265696803,0.005513945191697874,-0.598216317405991,SOL_USDT_290_1687402800,17.205836265696803,stop_loss,sell,1.1293845341193312,SOL/USDT,2023-06-22T11:45:00
1938.550401931626,1871.8898658626422,0.022462678390351716,-1.3332107213796787,ETH_USDT_289_1687402800,1871.8898658626422,stop_loss,sell,0.02000000000000001,ETH/USDT,2023-06-22T20:15:00
16.468836123270894,16.93238898354617,0.009469057765490568,-0.7735780284287116,SOL_USDT_292_1687641300,16.93238898354617,stop_loss,buy,1.668802190044372,SOL/USDT,2023-06-25T08:30:00
1867.544308720498,1917.343817762546,0.0038895236687131007,-0.16837214007116405,ETH_USDT_291_1687641300,1917.343817762546,stop_loss,buy,0.003381,ETH/USDT,2023-06-25T12:00:00
31094.296081371376,30206.62975752101,0.3162815375390994,-15.490665017512768,BTC_USDT_293_1687674600,30206.62975752101,stop_loss,sell,0.017450999999999998,BTC/USDT,2023-06-25T23:45:00
30012.057129621116,30410.29959792859,0.2108528532921977,-4.602089963761182,BTC_USDT_294_1687746600,30410.29959792859,stop_loss,buy,0.011556,BTC/USDT,2023-06-27T05:30:00
16.050596575754394,16.40099212056307,0.0063379600317673415,-0.7062083241491561,SOL_USDT_295_1687817700,16.40099212056307,stop_loss,buy,2.0154603407836134,SOL/USDT,2023-06-27T08:00:00
16.882560680124975,16.596758033133575,0.00721869726301306,-0.2071813042723875,SOL_USDT_296_1687905000,16.596758033133575,stop_loss,sell,0.7249103759302206,SOL/USDT,2023-06-28T04:45:00
15.950667083826788,16.500921646711475,0.010623760804720496,-1.361851545225807,SOL_USDT_297_1687939200,16.500921646711475,stop_loss,buy,2.474948209582045,SOL/USDT,2023-06-28T20:15:00
17.615440409534486,18.173433067018273,0.030710079324683365,1.5715246454100935,SOL_USDT_298_1688034600,18.173433067018273,stop_loss,sell,2.8163894709595807,SOL/USDT,2023-06-29T16:45:00
18.087037677060664,18.02802276176086,0.017855721108904172,-0.09741814015363857,SOL_USDT_299_1688078700,18.02802276176086,stop_loss,sell,1.6507376085984176,SOL/USDT,2023-06-30T05:45:00
31291.7044806873,29728.769334868437,0.3567452320184214,-31.258702916377242,BTC_USDT_300_1688100300,29728.769334868437,stop_loss,sell,0.02000000000000001,BTC/USDT,2023-06-30T19:15:00
19.1102985865036,19.01951173092386,0.05544499623233047,-0.4595869592101854,SOL_USDT_301_1688271300,19.01951173092386,stop_loss,sell,5.0622632128339395,SOL/USDT,2023-07-02T10:00:00
31532.54907117497,30469.326737938238,0.36952915308342965,-21.617305289184845,BTC_USDT_302_1688413500,30469.326737938238,stop_loss,sell,0.02033187661077059,BTC/USDT,2023-07-05T01:00:00
19.873323981767463,19.179315095418183,0.04118363676703224,-2.4837357109560654,SOL_USDT_303_1688486400,19.179315095418183,stop_loss,sell,3.578824075324667,SOL/USDT,2023-07-05T05:15:00
18.54080806035909,19.090762464692528,0.006600851392441586,-1.2115401868948525,SOL_USDT_304_1688572800,19.090762464692528,stop_loss,buy,2.202982969766882,SOL/USDT,2023-07-06T05:15:00
19.742421596809038,20.058788609332876,0.009871992969654058,0.25950162331111093,SOL_USDT_305_1688626800,20.058788609332876,stop_loss,sell,0.8202549982721667,SOL/USDT,2023-07-06T14:15:00
20.23476035381448,20.105216351770927,0.026964054452458062,-0.4049419924058014,SOL_USDT_306_1688634900,20.105216351770927,stop_loss,sell,3.125903060102017,SOL/USDT,2023-07-06T17:00:00
31344.016217271143,30360.585584680302,0.3643270270161638,-22.955667257516758,BTC_USDT_307_1688636700,30360.585584680302,stop_loss,sell,0.02334243666687526,BTC/USDT,2023-07-06T18:15:00
1862.5990995349182,1867.792418495572,0.02560707553170279,-0.12633416358076432,ETH_USDT_308_1688682600,1867.792418495572,stop_loss,buy,0.024326286241594164,ETH/USDT,2023-07-07T04:45:00
21.28886955396558,20.99217374762745,0.006575994299145797,-0.45976737992610717,SOL_USDT_311_1688741100,20.99217374762745,stop_loss,sell,1.5496254753332601,SOL/USDT,2023-07-07T21:00:00
21.51966718596407,21.573752519874265,0.0049642929920150234,0.02074244647161141,SOL_USDT_312_1688769000,21.573752519874265,trailing_stop,sell,0.3835133292521238,SOL/USDT,2023-07-08T06:30:00
29653.506590994646,30563.381320028726,0.3667605758403449,-19.129485393929787,BTC_USDT_309_1688688000,30563.381320028726,signal_Bullish EMA crossover in uptrend,buy,0.021024306735321234,BTC/USDT,2023-07-09T20:15:00
21.01181222946445,21.04434075815924,0.015360183692376007,-0.0395707474467518,SOL_USDT_313_1688949900,21.04434075815924,stop_loss,buy,1.216493614514123,SOL/USDT,2023-07-10T06:45:00
1831.8130777902302,1893.4012483842291,0.04292525139108823,-2.3271064068086242,ETH_USDT_310_1688688900,1893.4012483842291,stop_loss,buy,0.037784957474209735,ETH/USDT,2023-07-11T00:15:00
30767.120406118902,30781.866720309972,0.3693824006437199,0.2949262838214055,BTC_USDT_314_1689015600,30781.866720309972,stop_loss,sell,0.02000000000000001,BTC/USDT,2023-07-11T01:30:00
31033.0641328324,30074.202424922896,0.3608904290990749,-19.177234158190124,BTC_USDT_316_1689021900,30074.202424922896,stop_loss,sell,0.02000000000000001,BTC/USDT,2023-07-11T03:45:00
22.252624345894088,22.433195540950607,0.0128318551541335,0.1721454422119193,SOL_USDT_317_1689087600,22.433195540950607,trailing_stop,sell,0.9533383337139547,SOL/USDT,2023-07-12T18:15:00
31016.002442941433,30110.682775429254,0.3613281933051512,-19.950658083462635,BTC_USDT_318_1689147000,30110.682775429254,signal_Trend reversal to downtrend,sell,0.022037142016683543,BTC/USDT,2023-07-13T03:00:00
1906.1614534574344,1860.533746659183,0.02676442141525263,-1.7832316721818435,ETH_USDT_315_1689020100,1860.533746659183,signal_Trend reversal to downtrend,sell,0.039082211167583404,ETH/USDT,2023-07-13T05:15:00
22.42307637991046,22.27328697862336,0.008731026179189597,-0.09786126203240345,SOL_USDT_319_1689247800,22.27328697862336,stop_loss,sell,0.653325677194176,SOL/USDT,2023-07-13T18:00:00
22.44306425398263,22.26702052804018,0.004268465322413696,-0.19307497722000636,SOL_USDT_320_1689253200,22.26702052804018,stop_loss,sell,1.0967444377036468,SOL/USDT,2023-07-13T20:30:00
1966.5572038363077,1985.3600672833845,0.07976624395860084,1.2590779019176805,ETH_USDT_321_1689266700,1985.3600672833845,stop_loss,sell,0.06696202977070627,ETH/USDT,2023-07-13T23:15:00
31411.67962698004,31471.673569398416,0.3796693153158464,2.412381907139197,BTC_USDT_322_1689271200,31471.673569398416,stop_loss,sell,0.04021042475115451,BTC/USDT,2023-07-14T01:00:00
2008.8893995640128,2008.0920354790217,0.043828343896024254,-0.07980120882152146,ETH_USDT_323_1689272100,2008.0920354790217,stop_loss,sell,0.10008126817300315,ETH/USDT,2023-07-14T06:15:00
29.10830973177657,28.972722667891556,0.034884744754031506,-0.5185190787269536,SOL_USDT_324_1689296400,28.972722667891556,take_profit,sell,3.824251841360739,SOL/USDT,2023-07-14T06:45:00
2027.455747665661,1957.546555022241,0.029734773596313182,-1.7698463843426704,ETH_USDT_325_1689298200,1957.546555022241,stop_loss,sell,0.025316361374246976,ETH/USDT,2023-07-14T23:00:00
28.967128763208237,27.732328124599658,0.02049260660857186,-1.520745248008529,SOL_USDT_326_1689409800,27.732328124599658,stop_loss,sell,1.2315714783903604,SOL/USDT,2023-07-15T20:30:00
26.680805821409823,26.463465779431967,0.026553485920539036,0.3634656040349928,SOL_USDT_328_1689596100,26.463465779431967,stop_loss,buy,1.6723361269619388,SOL/USDT,2023-07-17T22:45:00
1893.4745767234738,1886.8448914820437,0.03655433948711805,0.2140643763759667,ETH_USDT_327_1689596100,1886.8448914820437,stop_loss,buy,0.032288769161806084,ETH/USDT,2023-07-18T00:15:00
26.112937618864063,27.001966863200494,0.010372502858607214,-0.5691843625678286,SOL_USDT_329_1689622200,27.001966863200494,stop_loss,buy,0.6402313154418967,SOL/USDT,2023-07-18T06:15:00
25.89342038684677,25.725019109214454,0.009331802292893826,0.3573969620041118,SOL_USDT_330_1689669000,25.725019109214454,stop_loss,buy,2.122293649009268,SOL/USDT,2023-07-18T14:30:00
26.89968171876135,26.562348602586628,0.007967850715174066,-0.16864848506549354,SOL_USDT_331_1689795900,26.562348602586628,stop_loss,sell,0.4999464238137287,SOL/USDT,2023-07-20T02:30:00
27.23085636261791,27.12961958851773,0.008276355536190291,-0.051473355720813116,SOL_USDT_332_1689844500,27.12961958851773,stop_loss,sell,0.5084452381886178,SOL/USDT,2023-07-20T16:30:00
25.206167016904537,25.22520732714288,0.010042834322673309,-0.012634100399128287,SOL_USDT_333_1690058700,25.22520732714288,stop_loss,buy,0.6635448814109447,SOL/USDT,2023-07-23T04:30:00
25.052631290221562,25.28863808421987,0.05528514856790683,0.8599165249481171,SOL_USDT_335_1690386300,25.28863808421987,stop_loss,sell,3.643609196073764,SOL/USDT,2023-07-27T00:00:00
28792.998297240032,29842.10969757848,0.35810531637094195,-23.3727324814687,BTC_USDT_334_1690210800,29842.10969757848,signal_Trend reversal to uptrend,buy,0.022278599273564834,BTC/USDT,2023-07-27T02:30:00
25.464123564676065,24.86738989862817,0.00508234792553354,-0.8035362438233906,SOL_USDT_336_1690662600,24.86738989862817,stop_loss,sell,1.3465575842990822,SOL/USDT,2023-07-30T12:30:00
23.801312196449036,23.76971478135052,0.004812526346131636,0.010662264568594234,SOL_USDT_337_1690829100,23.76971478135052,stop_loss,buy,0.33744103862137326,SOL/USDT,2023-08-01T01:30:00
23.661609901636112,23.459370325450404,0.02011372955590453,0.28899554737032895,SOL_USDT_338_1690836300,23.459370325450404,stop_loss,buy,1.4289762311653438,SOL/USDT,2023-08-01T07:30:00
29976.25460634925,29312.214632292144,0.3517465755875059,-13.384072381762719,BTC_USDT_339_1690935300,29312.214632292144,stop_loss,sell,0.020155522114112583,BTC/USDT,2023-08-02T16:45:00
1883.1365702527364,1833.567075128795,0.029663115023891934,-1.3365438107706338,ETH_USDT_340_1690940700,1833.567075128795,stop_loss,sell,0.02696303053780958,ETH/USDT,2023-08-02T20:45:00
23.104365963643787,23.139495026042255,0.013868350844994267,-0.035090232929266225,SOL_USDT_341_1690989300,23.139495026042255,stop_loss,buy,0.9988946625229711,SOL/USDT,2023-08-02T22:30:00
23.084184186268626,23.386624057548932,0.009813757971813261,-0.21438127561814524,SOL_USDT_342_1690997400,23.386624057548932,stop_loss,buy,0.7088393296512586,SOL/USDT,2023-08-03T03:45:00
22.60582735133587,22.988642598270562,0.02748147039722211,-0.7627190855418686,SOL_USDT_343_1691052300,22.988642598270562,stop_loss,buy,1.992394743023347,SOL/USDT,2023-08-03T20:45:00
22.744973109999755,22.814529653881653,0.007091945711861725,-0.09004914579435498,SOL_USDT_344_1691182800,22.814529653881653,stop_loss,buy,1.2946178859497643,SOL/USDT,2023-08-05T06:15:00
23.45652967753674,23.38252388955963,0.01843032446714618,-0.3850739882978086,SOL_USDT_345_1691310600,23.38252388955963,stop_loss,sell,5.203295564083556,SOL/USDT,2023-08-07T07:30:00
23.355727072181114,23.124106880480156,0.01037665422369756,-0.22665467955491864,SOL_USDT_346_1691472600,23.124106880480156,stop_loss,sell,0.9785618338816899,SOL/USDT,2023-08-08T15:00:00
23.98857051495849,24.010591791524373,0.021805301339488534,0.07118968687976249,SOL_USDT_347_1691511300,24.010591791524373,stop_loss,sell,3.2327683940926897,SOL/USDT,2023-08-08T22:45:00
30093.950347875358,29668.67724843147,0.3560241269811778,-8.505461988877729,BTC_USDT_348_1691519400,29668.67724843147,stop_loss,sell,0.02000000000000001,BTC/USDT,2023-08-09T03:00:00
24.491026831065287,24.348606693448293,0.003169351419926731,-0.6949845807467385,SOL_USDT_349_1691530200,24.348606693448293,stop_loss,sell,4.879819612418403,SOL/USDT,2023-08-09T11:15:00
24.881784951538222,24.738547488874342,0.013221067492247697,-0.12758443492213517,SOL_USDT_350_1691583300,24.738547488874342,stop_loss,sell,0.8907197359501134,SOL/USDT,2023-08-09T18:45:00
24.891950111946148,24.76838254768635,0.011683294099120299,-0.3670523290228199,SOL_USDT_351_1691676000,24.76838254768635,stop_loss,sell,2.970458560234319,SOL/USDT,2023-08-11T07:45:00
24.791482306690916,24.68817761718406,0.012015278643547978,-0.1392346274771737,SOL_USDT_352_1691854200,24.68817761718406,stop_loss,sell,1.3478054882293835,SOL/USDT,2023-08-12T22:15:00
24.892472041110306,25.079576933057627,0.017900969157277374,0.2225820973020408,SOL_USDT_353_1691867700,25.079576933057627,stop_loss,sell,1.1896113190066044,SOL/USDT,2023-08-13T03:45:00
24.090309077372442,24.81183337485154,0.032885672073167824,-1.6620960219180465,SOL_USDT_354_1691979300,24.81183337485154,stop_loss,buy,2.303589813572703,SOL/USDT,2023-08-14T20:15:00
23.422773828425296,23.616916149451583,0.009202816571868997,-0.15846217361127188,SOL_USDT_355_1692166500,23.616916149451583,stop_loss,buy,0.8162165403895398,SOL/USDT,2023-08-16T16:00:00
23.014541041688354,22.878959450437677,0.024781387259614613,0.24475908569591356,SOL_USDT_356_1692192600,22.878959450437677,stop_loss,buy,1.8052530836828584,SOL/USDT,2023-08-17T02:15:00
27459.529139650767,25924.270650114162,0.31109124780137015,30.705169790732125,BTC_USDT_357_1692306000,25924.270650114162,stop_loss,buy,0.02000000000000001,BTC/USDT,2023-08-18T03:15:00
1710.5078334606208,1593.5889082364208,0.04804803244343575,5.875338241655823,ETH_USDT_358_1692306000,1593.5889082364208,stop_loss,buy,0.050251387706391114,ETH/USDT,2023-08-18T03:15:00
1661.3387158299106,1703.7467038816476,0.04847864937378441,-2.468791232451283,ETH_USDT_361_1692312300,1703.7467038816476,stop_loss,buy,0.05821524070982574,ETH/USDT,2023-08-18T04:30:00
26402.790528581707,26453.341907183734,0.31744010288620494,-1.0413879727638764,BTC_USDT_360_1692312300,26453.341907183734,stop_loss,buy,0.02060058501989322,BTC/USDT,2023-08-18T10:00:00
21.420142110295988,22.17175334820331,0.013915225657811434,-2.71673612576144,SOL_USDT_359_1692311400,22.17175334820331,stop_loss,buy,3.6145496351618234,SOL/USDT,2023-08-18T12:45:00
21.68024625651097,21.55977968561645,0.006948819654040715,-0.36640151110353036,SOL_USDT_364_1692819900,21.55977968561645,stop_loss,sell,3.0415202191183517,SOL/USDT,2023-08-24T02:00:00
21.871062993850447,21.87366934680343,0.004381451775707478,0.0008701184357702564,SOL_USDT_365_1692849600,21.87366934680343,stop_loss,sell,0.33384520495397774,SOL/USDT,2023-08-24T10:15:00
26920.652141498816,25966.98836569353,0.31186363666671496,-19.089176424792008,BTC_USDT_362_1692819900,25966.98836569353,stop_loss,sell,0.02001667349551247,BTC/USDT,2023-08-24T20:00:00
1699.4066092424757,1645.8175577173545,0.055018225036200824,-2.9857243111592635,ETH_USDT_363_1692819900,1645.8175577173545,stop_loss,sell,0.05571519230489885,ETH/USDT,2023-08-24T20:00:00
20.33433034665244,20.30509060388654,0.013587877844207787,0.04365126977821424,SOL_USDT_366_1693208700,20.30509060388654,stop_loss,buy,1.492874616842482,SOL/USDT,2023-08-28T15:00:00
20.786747913882962,20.304893663242137,0.007717586363334796,-0.4857161917637704,SOL_USDT_367_1693273500,20.304893663242137,stop_loss,sell,1.0080147495177405,SOL/USDT,2023-08-29T11:45:00
1728.2305700699683,1723.0333609452377,0.045212388754745335,-0.23120818443784008,ETH_USDT_368_1693323000,1723.0333609452377,stop_loss,sell,0.04448698886055077,ETH/USDT,2023-08-29T22:00:00
21.97158495367427,21.380374522910575,0.005961597194158242,-0.386895985867392,SOL_USDT_369_1693347300,21.380374522910575,stop_loss,sell,0.6544133285463514,SOL/USDT,2023-08-30T18:15:00
26077.566311442726,26146.87848748919,0.1997177019509887,-0.8823786571595066,BTC_USDT_370_1693510200,26146.87848748919,trailing_stop,buy,0.012730500000000002,BTC/USDT,2023-09-01T03:30:00
19.61722947199724,19.590082644664474,0.010965836192018968,0.025326391510079725,SOL_USDT_372_1693516500,19.590082644664474,stop_loss,buy,0.9329411205083753,SOL/USDT,2023-09-01T20:00:00
1636.1389326985704,1637.3004834114347,0.04885257903651464,-0.06964845544142757,ETH_USDT_371_1693516500,1637.3004834114347,trailing_stop,buy,0.05996161396146211,ETH/USDT,2023-09-01T20:30:00
19.198324550810025,19.56545393107358,0.0014250754799401517,-0.48027554674087625,SOL_USDT_373_1693679400,19.56545393107358,stop_loss,buy,1.3081915329034535,SOL/USDT,2023-09-03T04:00:00
20.154584749890994,20.14530242305175,0.08309014519803407,-0.07511615190469319,SOL_USDT_374_1693923300,20.14530242305175,stop_loss,sell,8.092383860813095,SOL/USDT,2023-09-05T20:15:00
20.626208016872035,20.1154007927202,0.00794992728947462,-1.45218390434736,SOL_USDT_375_1693928700,20.1154007927202,stop_loss,sell,2.8429196684886966,SOL/USDT,2023-09-06T07:45:00
20.264820494891165,19.746462668044277,0.012676028777959201,-0.5545903622378018,SOL_USDT_377_1694134800,19.746462668044277,stop_loss,sell,1.069898694520178,SOL/USDT,2023-09-08T13:45:00
26444.46567892829,25552.318343337312,0.3089966604467151,-22.394143502220704,BTC_USDT_376_1694121300,25552.318343337312,stop_loss,sell,0.025101395934099123,BTC/USDT,2023-09-08T15:45:00
18.40176537751143,18.387954645520757,0.029956727324832583,0.46439276952812614,SOL_USDT_378_1694320200,18.387954645520757,stop_loss,buy,33.625500070649885,SOL/USDT,2023-09-10T10:45:00
18.072631140308026,18.119611055232326,0.02287899459530768,-0.09886647275565165,SOL_USDT_379_1694357100,18.119611055232326,stop_loss,buy,2.1044412897502567,SOL/USDT,2023-09-10T20:45:00
1582.1437114041776,1584.1646261109113,0.06338422445267465,-0.36713697378832383,ETH_USDT_380_1694427300,1584.1646261109113,stop_loss,buy,0.1816687129669637,ETH/USDT,2023-09-11T19:45:00
1550.4130677672554,1551.7283856338427,0.04386144266654968,-0.06196503173249329,ETH_USDT_383_1694445300,1551.7283856338427,stop_loss,buy,0.047110309459466995,ETH/USDT,2023-09-12T01:00:00
17.614567001475006,17.589120598959486,0.02625558946063019,0.0633071537922677,SOL_USDT_381_1694444400,17.589120598959486,stop_loss,buy,2.4878626263046737,SOL/USDT,2023-09-12T01:00:00
24901.912036030546,26015.642856967766,0.31218771428361336,-26.077765816765105,BTC_USDT_382_1694445300,26015.642856967766,stop_loss,buy,0.02341478329101128,BTC/USDT,2023-09-12T09:00:00
26280.03651865529,26036.7640997378,0.2280742424844732,-3.5516556799859167,BTC_USDT_384_1694515500,26036.7640997378,stop_loss,sell,0.014599500000000001,BTC/USDT,2023-09-12T21:30:00
18.468455580254954,18.411684511776485,0.015224443612727854,-0.07823907786492212,SOL_USDT_385_1694618100,18.411684511776485,stop_loss,sell,1.378150525643104,SOL/USDT,2023-09-13T21:15:00
18.558946140683304,18.091787223641585,0.024882646222348582,-1.0708496179944955,SOL_USDT_386_1694622600,18.091787223641585,stop_loss,sell,2.2922598262185496,SOL/USDT,2023-09-13T23:00:00
19.211441111596553,19.138844888235212,0.007857982368176815,-0.1591550288513669,SOL_USDT_387_1694655000,19.138844888235212,stop_loss,sell,2.192332072967319,SOL/USDT,2023-09-15T11:15:00
1654.6301190977056,1614.0602331168539,0.02948532398195481,-5.7176010530382335,ETH_USDT_388_1694817900,1614.0602331168539,signal_Trend reversal to downtrend,sell,0.14093214498401208,ETH/USDT,2023-09-17T22:45:00
18.79988805598341,18.789381937697073,0.03525187959758854,0.10721890112988457,SOL_USDT_389_1694985300,18.789381937697073,stop_loss,buy,10.20537730565288,SOL/USDT,2023-09-18T06:15:00
26909.92900617197,26768.886481231213,0.32122663777477467,-2.820850498815127,BTC_USDT_390_1695022200,26768.886481231213,stop_loss,sell,0.02000000000000001,BTC/USDT,2023-09-18T15:45:00
27385.37809338323,27165.130114294017,0.3315021503993172,-4.57493764669556,BTC_USDT_392_1695035700,27165.130114294017,take_profit,sell,0.02077175765977144,BTC/USDT,2023-09-18T18:15:00
1661.8602297020009,1657.2495854449055,0.03366746155359287,-0.15611075284653994,ETH_USDT_393_1695037500,1657.2495854449055,stop_loss,sell,0.03385877203740005,ETH/USDT,2023-09-18T18:15:00
19.76297258081968,19.796445937803426,0.015721010298703743,0.09077553044061033,SOL_USDT_391_1695033900,19.796445937803426,stop_loss,sell,2.7118741178153356,SOL/USDT,2023-09-18T19:45:00
19.666796471427013,19.64347630362298,0.02358144582132539,0.046658685824838224,SOL_USDT_394_1695292200,19.64347630362298,stop_loss,buy,2.0007868818494297,SOL/USDT,2023-09-21T16:30:00
26570.11812034415,26611.10579901719,0.29422569126683346,-0.7553004487474805,BTC_USDT_395_1695294900,26611.10579901719,take_profit,buy,0.018427499999999996,BTC/USDT,2023-09-21T19:15:00
19.36764748968224,19.431864656551856,0.013267629997916378,-0.5058326177372469,SOL_USDT_396_1695409200,19.431864656551856,trailing_stop,buy,7.876906478360883,SOL/USDT,2023-09-23T03:00:00
19.713053690344417,19.28090104612772,0.009863450402818889,-0.36845755310577005,SOL_USDT_397_1695544200,19.28090104612772,stop_loss,sell,0.8526097387963978,SOL/USDT,2023-09-25T05:00:00
18.78004605446733,19.331882501253105,0.02123018332119972,-1.0100403593064509,SOL_USDT_398_1695838500,19.331882501253105,stop_loss,buy,1.8303255705373036,SOL/USDT,2023-09-28T05:45:00
1629.9255875535928,1628.8994001366093,0.02171984327209539,-0.022805408632364722,ETH_USDT_399_1695888000,1628.8994001366093,stop_loss,sell,0.022223434291761497,ETH/USDT,2023-09-28T16:15:00
1635.5344448178623,1639.4707988997393,0.026694166653132043,0.10682074152411339,ETH_USDT_400_1695899700,1639.4707988997393,stop_loss,sell,0.027136974800086602,ETH/USDT,2023-09-28T20:15:00
20.395030596552697,20.34439843401129,0.029681117289007224,-0.13489580726862702,SOL_USDT_401_1695973500,20.34439843401129,stop_loss,sell,2.664231597027012,SOL/USDT,2023-09-29T20:15:00
1686.1649290633054,1675.0389048666204,0.032503769477642545,-0.6032392627090242,ETH_USDT_402_1695975300,1675.0389048666204,stop_loss,sell,0.05421876242986791,ETH/USDT,2023-09-30T21:30:00
21.710035763466184,22.821603885124123,0.043664461316221585,3.5445962732499234,SOL_USDT_403_1696090500,22.821603885124123,stop_loss,sell,3.1888250519122896,SOL/USDT,2023-10-01T15:30:00
28311.635908818484,28097.40967725096,0.32851210420545046,-4.174519461440581,BTC_USDT_404_1696219200,28097.40967725096,stop_loss,sell,0.0194865,BTC/USDT,2023-10-02T13:30:00
28489.725405484263,28064.556993626986,0.336774683923524,-8.503368237145555,BTC_USDT_405_1696238100,28064.556993626986,stop_loss,sell,0.02000000000000001,BTC/USDT,2023-10-02T19:45:00
1654.5209836610181,1660.1287384504667,0.01992154486140561,-0.11215509578897133,ETH_USDT_406_1696295700,1660.1287384504667,take_profit,buy,0.02000000000000001,ETH/USDT,2023-10-03T20:45:00
22.87492319677293,23.08186476130514,0.027035302577622076,-0.40397716785242527,SOL_USDT_407_1696429800,23.08186476130514,stop_loss,buy,1.952131601815274,SOL/USDT,2023-10-04T22:00:00
1552.4270366451287,1581.3044499599503,0.008613049078041855,-0.2621491580719498,ETH_USDT_410_1696869900,1581.3044499599503,stop_loss,buy,0.009078,ETH/USDT,2023-10-10T00:30:00
21.888531344112057,22.252667213942654,0.002751019688368738,-2.1944229066663343,SOL_USDT_408_1696869000,22.252667213942654,stop_loss,buy,6.026384897722975,SOL/USDT,2023-10-10T03:45:00
27146.990293630963,27346.29828570489,0.3315658694446736,-4.0294126794245,BTC_USDT_409_1696869900,27346.29828570489,stop_loss,buy,0.020217015070474173,BTC/USDT,2023-10-11T08:15:00
22.18178062935269,22.128686003114552,0.010767516806181293,-0.04305853499063049,SOL_USDT_411_1697262300,22.128686003114552,stop_loss,sell,0.8109772691026326,SOL/USDT,2023-10-14T13:45:00
22.121913492085252,22.130508617021974,0.015047299592794593,0.009740205417968937,SOL_USDT_412_1697403600,22.130508617021974,stop_loss,sell,1.1332244138016756,SOL/USDT,2023-10-16T07:45:00
22.242154183057192,22.65256997755672,0.012106007904059373,0.365557996074668,SOL_USDT_413_1697430600,22.65256997755672,stop_loss,sell,0.8907015786769105,SOL/USDT,2023-10-16T11:00:00
29210.633432097897,27900.945115662864,0.3779231259477351,-30.532787955496847,BTC_USDT_414_1697463000,27900.945115662864,stop_loss,sell,0.02331301850398039,BTC/USDT,2023-10-16T19:15:00
24.309920532163495,24.45445184311458,0.013986391435789206,0.13777119892512862,SOL_USDT_416_1697508000,24.45445184311458,stop_loss,sell,0.9532273527343603,SOL/USDT,2023-10-17T14:15:00
24.049350448891047,24.098249331533008,0.011184173099259885,0.03782387953471673,SOL_USDT_417_1697711400,24.098249331533008,stop_loss,sell,0.7735121436549879,SOL/USDT,2023-10-19T16:45:00
28882.659006245634,28795.36514576906,0.34730787977119576,-1.7547873558635212,BTC_USDT_415_1697482800,28795.36514576906,stop_loss,sell,0.020102070710166942,BTC/USDT,2023-10-20T08:15:00
26.829203624482467,26.892132767981714,0.03186665229919768,0.12428301074012801,SOL_USDT_418_1697789700,26.892132767981714,stop_loss,sell,1.9749674606903829,SOL/USDT,2023-10-20T14:15:00
29973.724370249198,29706.183416009735,0.2809640533669616,-4.21738183215377,BTC_USDT_419_1697794200,29706.183416009735,stop_loss,sell,0.0157635,BTC/USDT,2023-10-20T16:15:00
26.97981922340605,26.690257489655036,0.011296601525279658,-0.21243348251928545,SOL_USDT_420_1697799600,26.690257489655036,stop_loss,sell,0.7336379699326936,SOL/USDT,2023-10-20T23:15:00
30019.793590904606,29971.393379291676,0.1584575579405799,-0.42648330464849776,BTC_USDT_421_1697802300,29971.393379291676,stop_loss,sell,0.0088116,BTC/USDT,2023-10-21T23:15:00
29.298205070696437,29.281111382330383,0.021883880496054563,-0.029271895762251424,SOL_USDT_422_1697891400,29.281111382330383,trailing_stop,sell,1.7124388332937823,SOL/USDT,2023-10-21T23:45:00
30.001003670253503,30.018160788823113,0.015931380716867134,0.015176178950458592,SOL_USDT_423_1697922900,30.018160788823113,stop_loss,sell,0.8845412409365525,SOL/USDT,2023-10-22T03:30:00
30830.5626047366,30575.06487308498,0.360094769036271,-5.015164974589643,BTC_USDT_425_1698034500,30575.06487308498,stop_loss,sell,0.019629,BTC/USDT,2023-10-23T11:15:00
30.633098456553437,30.675653033076042,0.011211821579363656,0.1327944166833163,SOL_USDT_424_1698032700,30.675653033076042,trailing_stop,sell,3.1205672229584205,SOL/USDT,2023-10-23T12:00:00
30943.831621185054,30914.98890065545,0.3519671486339623,-0.5472906220492161,BTC_USDT_426_1698042600,30914.98890065545,stop_loss,sell,0.018975,BTC/USDT,2023-10-23T22:15:00
33581.23547642808,32822.039028223975,0.39929893640553915,-16.577441554695845,BTC_USDT_427_1698101100,32822.039028223975,stop_loss,sell,0.021835509891952303,BTC/USDT,2023-10-24T04:45:00
33900.35777032223,34061.113105534474,0.29661779736823646,2.3332029352704713,BTC_USDT_429_1698110100,34061.113105534474,trailing_stop,sell,0.014514000000000003,BTC/USDT,2023-10-24T09:30:00
1834.403372135014,1813.350034151271,0.0007115585534009587,-0.013768883041367887,ETH_USDT_430_1698116400,1813.350034151271,stop_loss,sell,0.000654,ETH/USDT,2023-10-24T12:15:00
32.34981125267233,30.855341579928755,0.004465285483890041,-0.7664975939687604,SOL_USDT_428_1698108300,30.855341579928755,stop_loss,sell,0.5128893599838724,SOL/USDT,2023-10-24T13:00:00
32.14961915439968,31.48658479501323,0.018645315007771893,-0.6543783949164365,SOL_USDT_432_1698151500,31.48658479501323,stop_loss,sell,0.9869449232193269,SOL/USDT,2023-10-24T18:45:00
1847.8033302393376,1770.1459052074988,0.021241750862489996,-1.5531485006367765,ETH_USDT_431_1698148800,1770.1459052074988,stop_loss,sell,0.02000000000000001,ETH/USDT,2023-10-24T21:30:00
32.1485309704969,33.44557030505102,0.007356055820207717,0.4754537825170165,SOL_USDT_433_1698231600,33.44557030505102,trailing_stop,sell,0.3665685148095078,SOL/USDT,2023-10-25T17:45:00
33.60398348904245,32.03069008361181,0.01785856647947857,-1.5631864765438295,SOL_USDT_434_1698237900,32.03069008361181,stop_loss,sell,0.9935759414919534,SOL/USDT,2023-10-26T03:15:00
35122.20077170276,33793.46101702363,0.4055215322042837,-26.574795093582665,BTC_USDT_435_1698247800,33793.46101702363,stop_loss,sell,0.02000000000000001,BTC/USDT,2023-10-26T17:15:00
31.36262584083801,32.14381920017126,0.011401715222230914,-0.46182772915838094,SOL_USDT_436_1698543000,32.14381920017126,stop_loss,buy,0.5911823540749926,SOL/USDT,2023-10-29T11:15:00
33.162952045179814,33.693013364304264,0.03523764776178958,0.9239360622285191,SOL_USDT_437_1698603300,33.693013364304264,stop_loss,sell,1.7430739216260271,SOL/USDT,2023-10-30T14:15:00
36.40491918385412,36.61374441125988,0.024453642633770586,0.2573258504553989,SOL_USDT_438_1698732000,36.61374441125988,stop_loss,sell,1.2322546162269856,SOL/USDT,2023-10-31T15:30:00
37.58839115055999,37.80307430748068,0.007666954157679241,0.0725675513914063,SOL_USDT_439_1698789600,37.80307430748068,stop_loss,sell,0.3380216335192816,SOL/USDT,2023-11-01T04:15:00
39.11435928165612,39.325889230081664,0.029441846738526904,0.26394115276565555,SOL_USDT_440_1698830100,39.325889230081664,stop_loss,sell,1.2477720281700955,SOL/USDT,2023-11-01T15:30:00
1842.0062031320087,1843.1428419886845,0.04379028548733553,0.045008032743432104,ETH_USDT_441_1698867900,1843.1428419886845,stop_loss,sell,0.039597478547464246,ETH/USDT,2023-11-02T01:45:00
35411.9197192325,35252.65381672358,0.20286492165371747,-1.5275192709630834,BTC_USDT_443_1698874200,35252.65381672358,stop_loss,sell,0.009590999999999999,BTC/USDT,2023-11-02T06:15:00
1855.4814186907859,1850.143512657657,0.03219047074214495,-0.2319113739497669,ETH_USDT_442_1698873300,1850.143512657657,stop_loss,sell,0.04344613271767052,ETH/USDT,2023-11-02T07:00:00
38.526479393886746,38.98444611903891,0.009114447293577532,-0.19531359087051714,SOL_USDT_444_1698978600,38.98444611903891,stop_loss,buy,0.4264798731952052,SOL/USDT,2023-11-03T11:15:00
41.32299862871632,41.74422180707648,0.013132225205861358,0.31766511738309827,SOL_USDT_445_1699072200,41.74422180707648,trailing_stop,sell,0.754149186708537,SOL/USDT,2023-11-04T16:15:00
42.487649733888375,42.57475230743506,0.00894453505719055,0.030498984352431393,SOL_USDT_446_1699141500,42.57475230743506,stop_loss,sell,0.35015020923674356,SOL/USDT,2023-11-05T07:45:00
1893.3373429651838,1886.44143400571,0.044463854808560285,-0.41311285908075596,ETH_USDT_447_1699156800,1886.44143400571,stop_loss,sell,0.05990694794675576,ETH/USDT,2023-11-05T18:00:00
40.389839905730305,41.56372818909524,0.00892850437825319,-0.4300466593126246,SOL_USDT_448_1699221600,41.56372818909524,stop_loss,buy,0.36634377002205265,SOL/USDT,2023-11-06T04:45:00
44.18326857884912,43.00801412169266,0.011846612282612053,-0.5395422291897085,SOL_USDT_450_1699390800,43.00801412169266,stop_loss,sell,0.4590854566892136,SOL/USDT,2023-11-08T03:45:00
35893.668490142874,35670.83415702776,0.42805000988433334,-4.467846997458287,BTC_USDT_449_1699390800,35670.83415702776,stop_loss,sell,0.020050083553104385,BTC/USDT,2023-11-09T07:30:00
36570.65236101553,36491.50340454974,0.36719721266841787,-1.3273992339921095,BTC_USDT_451_1699497900,36491.50340454974,stop_loss,sell,0.0167709,BTC/USDT,2023-11-09T10:15:00
45.006109090773606,45.55247548451453,0.01844588571545001,0.36874000627890263,SOL_USDT_452_1699519500,45.55247548451453,stop_loss,sell,0.6748951079406085,SOL/USDT,2023-11-09T14:45:00
37120.47286839326,37357.511196910884,0.27703657868427567,2.9297226289792437,BTC_USDT_453_1699534800,37357.511196910884,take_profit,sell,0.012359700000000001,BTC/USDT,2023-11-09T19:45:00
47.927589384334325,48.28577470671114,0.009833475836457831,0.12157503025684763,SOL_USDT_454_1699534800,48.28577470671114,stop_loss,sell,0.3394193526694829,SOL/USDT,2023-11-09T20:00:00
2030.9707529400685,1997.2384115753503,0.12717535089830043,-3.579878366729016,ETH_USDT_455_1699545600,1997.2384115753503,stop_loss,sell,0.10612599724468971,ETH/USDT,2023-11-09T21:45:00
2036.0063704252066,2062.5262253650967,0.029427555335586424,0.6306299601089091,ETH_USDT_456_1699551900,2062.5262253650967,stop_loss,sell,0.023779540330755734,ETH/USDT,2023-11-10T03:00:00
2100.174966574648,2080.6675620715596,0.029613543157827438,-0.5799235844201291,ETH_USDT_457_1699569000,2080.6675620715596,stop_loss,sell,0.02972838259073977,ETH/USDT,2023-11-10T04:30:00
47.675788545824055,48.330942660144075,0.0078048172069835105,0.1763314150049206,SOL_USDT_458_1699587900,48.330942660144075,stop_loss,sell,0.26914494032893904,SOL/USDT,2023-11-10T12:30:00
2134.929183003268,2072.184740903978,0.028482409794064335,-1.4398459846948666,ETH_USDT_459_1699588800,2072.184740903978,stop_loss,sell,0.022947785278198466,ETH/USDT,2023-11-10T18:00:00
51.39055357533922,51.47849213957966,0.010705656395847342,0.06530536945322434,SOL_USDT_460_1699620300,51.47849213957966,trailing_stop,sell,0.7426249224932601,SOL/USDT,2023-11-10T23:00:00
62.25996049258278,58.53236418381256,0.012722372793004129,-2.267106937497503,SOL_USDT_462_1699715700,58.53236418381256,stop_loss,sell,0.6081954025342008,SOL/USDT,2023-11-11T23:00:00
58.58585253098262,58.20284707561721,0.010866261335415827,-0.19546860843082478,SOL_USDT_463_1699839000,58.20284707561721,stop_loss,sell,0.5103546325321509,SOL/USDT,2023-11-13T08:15:00
37559.17359366326,36594.55359980383,0.3004800752812052,-13.200921077965672,BTC_USDT_461_1699634700,36594.55359980383,stop_loss,sell,0.013685099999999999,BTC/USDT,2023-11-13T18:00:00
52.236363092648695,52.63081962735019,0.014051108651015937,-0.1755166670542003,SOL_USDT_464_1699912800,52.63081962735019,stop_loss,buy,0.44495819339644493,SOL/USDT,2023-11-14T05:30:00
35119.60463670446,35624.119187744436,0.42748943025293346,-10.539544486720999,BTC_USDT_465_1699987500,35624.119187744436,stop_loss,buy,0.020890466816061996,BTC/USDT,2023-11-15T02:00:00
59.631743921608816,62.34091130558368,0.010743562764277279,0.7781436304321906,SOL_USDT_467_1700039700,62.34091130558368,stop_loss,sell,0.28722611789697006,SOL/USDT,2023-11-15T17:00:00
1963.135459874713,2038.9336612158759,0.08334688193261067,-5.164091291162803,ETH_USDT_466_1699989300,2038.9336612158759,stop_loss,buy,0.06812947009018797,ETH/USDT,2023-11-15T23:45:00
63.003500476175105,64.85872636863607,0.03978769725217183,1.9302968027881933,SOL_USDT_468_1700049600,64.85872636863607,stop_loss,sell,1.0404645658689287,SOL/USDT,2023-11-16T01:00:00
37779.234588711566,37534.80635194794,0.4504176762233755,-5.056399523986759,BTC_USDT_469_1700074800,37534.80635194794,stop_loss,sell,0.020686642390161093,BTC/USDT,2023-11-16T05:45:00
2069.518130518167,2067.016985096286,0.02879890697970071,-0.0580790698760596,ETH_USDT_471_1700094600,2067.016985096286,stop_loss,sell,0.02322098881895028,ETH/USDT,2023-11-16T06:30:00
66.57696727415124,67.14848993571276,0.011113636657911336,0.15765296703962042,SOL_USDT_470_1700080200,67.14848993571276,stop_loss,sell,0.2758472719329805,SOL/USDT,2023-11-16T11:45:00
1974.0003840837705,1952.7708772811145,0.030808120057059928,0.5582163631668464,ETH_USDT_472_1700159400,1952.7708772811145,stop_loss,buy,0.02629436323490133,ETH/USDT,2023-11-17T01:00:00
35641.93417317549,36715.31650211539,0.32326734720617534,-15.751348986028571,BTC_USDT_473_1700163900,36715.31650211539,stop_loss,buy,0.0146745,BTC/USDT,2023-11-17T07:15:00
1950.39858281138,1935.8390972411178,0.041356257430589294,0.5184021011515907,ETH_USDT_474_1700164800,1935.8390972411178,stop_loss,buy,0.03560579792808246,ETH/USDT,2023-11-17T20:15:00
